UID,parent_uid,Chemical,is_u00,fold
A00006,U00006,NaCu0.275073Mn0.724927O2,False,0
A00008,U00008,NaFe0.497381Mn0.502619O2,False,3
A00010,U00010,NaMn0.736534Ni0.263466O2,False,2
A00011,U00011,NaCu0.250091Fe0.523806Mn0.226103O2,False,0
A00013,U00013,NaCu0.3296Mn0.63802Ni0.03238O2,False,4
A00014,U00014,NaFe0.04303Mn0.518076Ni0.438894O2,False,0
A00015,U00015,NaCu0.218298Fe0.535474Mn0.141456Ni0.104772O2,False,0
A00021,U00021,Na0.75Cu0.132539Mn0.867461O2,False,2
A00023,U00023,Na0.75Fe0.478742Mn0.521258O2,False,1
A00025,U00025,Na0.75Mn0.879347Ni0.120653O2,False,2
A00026,U00026,Na0.75Cu0.175076Fe0.443341Mn0.381583O2,False,2
A00028,U00028,Na0.75Cu0.18061Mn0.784812Ni0.034578O2,False,4
A00029,U00029,Na0.75Fe0.241843Mn0.523133Ni0.235024O2,False,0
A00030,U00030,Na0.75Cu0.361458Fe0.4716Mn0.010816Ni0.156125O2,False,0
A00036,U00036,Na0.5Cu0.410276Mn0.589724O2,False,0
A00038,U00038,Na0.5Fe0.588405Mn0.411595O2,False,1
A00040,U00040,Na0.5Mn0.653525Ni0.346475O2,False,1
A00041,U00041,Na0.5Cu0.278119Fe0.173047Mn0.548834O2,False,3
A00043,U00043,Na0.5Cu0.735815Mn0.225494Ni0.038691O2,False,3
A00044,U00044,Na0.5Fe0.016851Mn0.719142Ni0.264007O2,False,3
A00045,U00045,Na0.5Cu0.226743Fe0.330063Mn0.350319Ni0.092874O2,False,1
A00051,U00051,NaCu0.371444Mn0.628556O2,False,0
A00053,U00053,NaFe0.510259Mn0.489741O2,False,3
A00054,U00054,NaFe0.61655Ni0.38345O2,False,0
A00055,U00055,NaMn0.771647Ni0.228353O2,False,2
A00056,U00056,NaCu0.341305Fe0.406438Mn0.252257O2,False,0
A00058,U00058,NaCu0.220266Mn0.598146Ni0.181588O2,False,4
A00059,U00059,NaFe0.358693Mn0.433667Ni0.20764O2,False,0
A00060,U00060,NaCu0.149097Fe0.383834Mn0.23265Ni0.234419O2,False,0
A00066,U00066,Na0.75Cu0.152237Mn0.847763O2,False,2
A00068,U00068,Na0.75Fe0.442363Mn0.557637O2,False,1
A00070,U00070,Na0.75Mn0.750202Ni0.249798O2,False,2
A00071,U00071,Na0.75Cu0.221917Fe0.41759Mn0.360493O2,False,2
A00073,U00073,Na0.75Cu0.145459Mn0.725931Ni0.12861O2,False,4
A00074,U00074,Na0.75Fe0.243659Mn0.538915Ni0.217426O2,False,0
A00075,U00075,Na0.75Cu0.116208Fe0.434895Mn0.329143Ni0.119754O2,False,0
A00083,U00083,Na0.5Fe0.711704Mn0.288296O2,False,1
A00085,U00085,Na0.5Mn0.838499Ni0.161501O2,False,1
A00086,U00086,Na0.5Cu0.178922Fe0.513035Mn0.308043O2,False,3
A00089,U00089,Na0.5Fe0.05955Mn0.724735Ni0.215715O2,False,3
A00090,U00090,Na0.5Cu0.149718Fe0.391032Mn0.293434Ni0.165817O2,False,1
A00096,U00096,NaCu0.420626Mn0.579374O2,False,0
A00098,U00098,NaFe0.50599Mn0.49401O2,False,3
A00099,U00099,NaFe0.602288Ni0.397712O2,False,0
A00100,U00100,NaMn0.668512Ni0.331488O2,False,2
A00101,U00101,NaCu0.296127Fe0.391777Mn0.312096O2,False,0
A00103,U00103,NaCu0.004538Mn0.788297Ni0.207165O2,False,4
A00104,U00104,NaFe0.317872Mn0.433513Ni0.248615O2,False,0
A00105,U00105,NaCu0.24024Fe0.302667Mn0.158165Ni0.298928O2,False,0
A00111,U00111,Na0.75Cu0.26266Mn0.73734O2,False,2
A00113,U00113,Na0.75Fe0.571653Mn0.428347O2,False,1
A00114,U00114,Na0.75Fe0.027817Ni0.972183O2,False,4
A00115,U00115,Na0.75Mn0.672653Ni0.327347O2,False,2
A00116,U00116,Na0.75Cu0.076436Fe0.500234Mn0.42333O2,False,2
A00118,U00118,Na0.75Cu0.036724Mn0.765854Ni0.197422O2,False,4
A00119,U00119,Na0.75Fe0.165224Mn0.543419Ni0.291357O2,False,0
A00126,U00126,Na0.5Cu0.294796Mn0.705204O2,False,0
A00128,U00128,Na0.5Fe0.523517Mn0.476483O2,False,1
A00129,U00129,Na0.5Fe0.287826Ni0.712174O2,False,1
A00131,U00131,Na0.5Cu0.045192Fe0.254326Mn0.700482O2,False,3
A00133,U00133,Na0.5Cu0.660563Mn0.154362Ni0.185075O2,False,3
A00134,U00134,Na0.5Fe0.236937Mn0.527872Ni0.235191O2,False,3
A00135,U00135,Na0.5Cu0.111536Fe0.400211Mn0.446165Ni0.042088O2,False,1
A00136,U00136,NaCu0.13985Fe0.154772Mn0.705378O2,False,3
A00138,U00138,NaCu0.124589Mn0.704963Ni0.170448O2,False,2
A00139,U00139,NaFe0.180588Mn0.638824Ni0.180588O2,False,0
A00140,U00140,NaCu0.050175Fe0.855502Mn0.094323O2,False,4
A00142,U00142,NaCu0.693277Mn0.160652Ni0.146071O2,False,1
A00143,U00143,NaFe0.651675Mn0.146033Ni0.202291O2,False,3
A00144,U00144,NaCu0.825996Fe0.090085Mn0.08392O2,False,3
A00146,U00146,NaCu0.058357Mn0.552372Ni0.389271O2,False,3
A00149,U00149,NaCu0.148828Fe0.741551Mn0.014045Ni0.095576O2,False,2
A00151,U00151,NaCu0.11884Fe0.11884Mn0.643479Ni0.11884O2,False,1
A00153,U00153,NaCu0.098627Fe0.509693Mn0.251949Ni0.139732O2,False,0
A00154,U00154,NaCu0.23941Fe0.180675Mn0.46362Ni0.116295O2,False,1
A00155,U00155,NaCu0.179418Fe0.334696Mn0.402934Ni0.082952O2,False,0
A00158,U00158,NaCu0.08275Fe0.41605Mn0.378372Ni0.122828O2,False,2
A00159,U00159,NaCu0.109544Fe0.56649Mn0.077266Ni0.2467O2,False,1
A00160,U00160,NaCu0.175806Fe0.175806Mn0.557813Ni0.090575O2,False,4
A00161,U00161,NaCu0.145369Fe0.174654Mn0.505324Ni0.174654O2,False,1
A00162,U00162,Na0.75Cu0.131324Fe0.014844Mn0.853832O2,False,0
A00164,U00164,Na0.75Cu0.639347Mn0.182482Ni0.178171O2,False,3
A00165,U00165,Na0.75Fe0.146162Mn0.691534Ni0.162303O2,False,0
A00166,U00166,Na0.75Cu0.341073Fe0.569778Mn0.08915O2,False,1
A00170,U00170,Na0.75Cu0.14411Fe0.386524Mn0.469366O2,False,2
A00177,U00177,Na0.75Cu0.088033Fe0.118068Mn0.67583Ni0.118068O2,False,3
A00179,U00179,Na0.75Cu0.049736Fe0.389108Mn0.394973Ni0.166182O2,False,4
A00181,U00181,Na0.75Cu0.222907Fe0.238048Mn0.416547Ni0.122498O2,False,4
A00182,U00182,Na0.75Cu0.012695Fe0.021458Mn0.296357Ni0.669489O2,False,2
A00184,U00184,Na0.75Cu0.071153Fe0.333695Mn0.477383Ni0.117769O2,False,3
A00186,U00186,Na0.75Cu0.175587Fe0.154674Mn0.540213Ni0.129527O2,False,2
A00187,U00187,Na0.75Cu0.142157Fe0.165317Mn0.52721Ni0.165317O2,False,1
A00188,U00188,Na0.5Cu0.320138Fe0.034333Mn0.645528O2,False,1
A00191,U00191,Na0.5Fe0.18191Mn0.721776Ni0.096314O2,False,1
A00192,U00192,Na0.5Cu0.417905Fe0.329366Mn0.252729O2,False,4
A00195,U00195,Na0.5Fe0.485545Mn0.203268Ni0.311187O2,False,1
A00203,U00203,Na0.5Cu0.142839Fe0.120464Mn0.689042Ni0.047655O2,False,4
A00205,U00205,Na0.5Cu0.089615Fe0.036184Mn0.646054Ni0.228147O2,False,4
A00207,U00207,Na0.5Cu0.196723Fe0.325478Mn0.415786Ni0.062013O2,False,4
A00210,U00210,Na0.5Cu0.077857Fe0.311301Mn0.525108Ni0.085733O2,False,0
A00214,U00214,NaCu0.13497Fe0.140202Mn0.724828O2,False,3
A00216,U00216,NaCu0.175915Mn0.64817Ni0.175915O2,False,2
A00217,U00217,NaFe0.166667Mn0.666666Ni0.166667O2,False,0
A00218,U00218,NaCu0.230715Fe0.683689Mn0.085596O2,False,4
A00221,U00221,NaFe0.810728Mn0.058493Ni0.130779O2,False,3
A00222,U00222,NaCu0.284497Fe0.444795Mn0.270708O2,False,3
A00227,U00227,NaCu0.102677Fe0.641217Mn0.09287Ni0.163236O2,False,2
A00229,U00229,NaCu0.137441Fe0.099781Mn0.625336Ni0.137441O2,False,1
A00231,U00231,NaCu0.083631Fe0.261551Mn0.560175Ni0.094643O2,False,0
A00233,U00233,NaCu0.124106Fe0.326239Mn0.435114Ni0.114541O2,False,0
A00236,U00236,NaCu0.091247Fe0.361451Mn0.422373Ni0.124929O2,False,2
A00238,U00238,NaCu0.173742Fe0.173742Mn0.472999Ni0.179516O2,False,4
A00239,U00239,NaCu0.141031Fe0.035738Mn0.604048Ni0.219183O2,False,1
A00240,U00240,Na0.75Cu0.153671Fe0.172554Mn0.673775O2,False,0
A00242,U00242,Na0.75Cu0.1726Mn0.6548Ni0.1726O2,False,3
A00243,U00243,Na0.75Fe0.056368Mn0.761521Ni0.182111O2,False,0
A00244,U00244,Na0.75Cu0.145916Fe0.735094Mn0.11899O2,False,1
A00247,U00247,Na0.75Fe0.713441Mn0.075136Ni0.211423O2,False,4
A00248,U00248,Na0.75Cu0.598652Fe0.27917Mn0.122178O2,False,2
A00250,U00250,Na0.75Cu0.164587Mn0.155744Ni0.679668O2,False,3
A00255,U00255,Na0.75Cu0.132077Fe0.090186Mn0.645661Ni0.132077O2,False,3
A00257,U00257,Na0.75Cu0.20316Fe0.38027Mn0.278709Ni0.137861O2,False,4
A00258,U00258,Na0.75Cu0.227301Fe0.125383Mn0.575687Ni0.071629O2,False,4
A00259,U00259,Na0.75Cu0.149605Fe0.151178Mn0.49753Ni0.201686O2,False,4
A00262,U00262,Na0.75Cu0.102604Fe0.282707Mn0.491324Ni0.123365O2,False,3
A00263,U00263,Na0.75Cu0.15933Fe0.621451Mn0.00042Ni0.2188O2,False,4
A00264,U00264,Na0.75Cu0.120606Fe0.119947Mn0.572142Ni0.187304O2,False,2
A00265,U00265,Na0.75Cu0.192237Fe0.120709Mn0.523111Ni0.163943O2,False,1
A00266,U00266,Na0.5Cu0.100956Fe0.029479Mn0.869565O2,False,1
A00268,U00268,Na0.5Cu0.178928Mn0.752971Ni0.068101O2,False,3
A00270,U00270,Na0.5Cu0.46176Fe0.264835Mn0.273405O2,False,4
A00273,U00273,Na0.5Fe0.410746Mn0.294627Ni0.294627O2,False,1
A00281,U00281,Na0.5Cu0.157233Fe0.128395Mn0.708665Ni0.005707O2,False,4
A00283,U00283,Na0.5Cu0.43002Fe0.014659Mn0.316166Ni0.239155O2,False,4
A00285,U00285,Na0.5Cu0.215587Fe0.385806Mn0.241939Ni0.156668O2,False,4
A00288,U00288,Na0.5Cu0.091069Fe0.055574Mn0.720336Ni0.133021O2,False,0
A00291,U00291,Na0.5Cu0.161227Fe0.052625Mn0.68305Ni0.103098O2,False,2
A00292,U00292,NaCu0.12291Fe0.09057Mn0.78652O2,False,3
A00294,U00294,NaCu0.032987Mn0.753101Ni0.213912O2,False,2
A00295,U00295,NaFe0.183282Mn0.633435Ni0.183282O2,False,0
A00296,U00296,NaCu0.148516Fe0.566432Mn0.285051O2,False,4
A00299,U00299,NaFe0.51023Mn0.263883Ni0.225888O2,False,3
A00305,U00305,NaCu0.275566Fe0.532899Mn0.075875Ni0.115659O2,False,2
A00307,U00307,NaCu0.114459Fe0.014484Mn0.773097Ni0.09796O2,False,1
A00308,U00308,NaCu0.638376Fe0.334565Mn0.018501Ni0.008559O2,False,3
A00312,U00312,NaCu0.062522Fe0.653383Mn0.029597Ni0.254498O2,False,2
A00314,U00314,NaCu0.005344Fe0.079441Mn0.74412Ni0.171095O2,False,2
A00315,U00315,NaCu0.055137Fe0.687821Mn0.161831Ni0.09521O2,False,1
A00316,U00316,NaCu0.125169Fe0.055829Mn0.798817Ni0.020185O2,False,4
A00317,U00317,NaCu0.196176Fe0.222191Mn0.359442Ni0.222191O2,False,1
A00318,U00318,Na0.75Cu0.094841Fe0.181032Mn0.724127O2,False,0
A00320,U00320,Na0.75Cu0.111454Mn0.710836Ni0.177709O2,False,3
A00321,U00321,Na0.75Fe0.17232Mn0.655361Ni0.17232O2,False,0
A00322,U00322,Na0.75Cu0.200018Fe0.704374Mn0.095607O2,False,1
A00323,U00323,Na0.75Cu0.402224Fe0.428157Ni0.169619O2,False,2
A00325,U00325,Na0.75Fe0.657605Mn0.180439Ni0.161956O2,False,4
A00326,U00326,Na0.75Cu0.221398Fe0.436699Mn0.341903O2,False,2
A00330,U00330,Na0.75Cu0.372605Fe0.083725Mn0.08534Ni0.45833O2,False,1
A00331,U00331,Na0.75Cu0.075902Fe0.70613Mn0.108984Ni0.108984O2,False,4
A00333,U00333,Na0.75Cu0.117485Fe0.060117Mn0.704913Ni0.117485O2,False,3
A00334,U00334,Na0.75Cu0.460059Fe0.353665Mn0.143632Ni0.042645O2,False,3
A00335,U00335,Na0.75Cu0.144176Fe0.390348Mn0.319095Ni0.146381O2,False,4
A00336,U00336,Na0.75Cu0.110668Fe0.360933Mn0.491086Ni0.037313O2,False,4
A00337,U00337,Na0.75Cu0.083317Fe0.249572Mn0.512956Ni0.154155O2,False,4
A00338,U00338,Na0.75Cu0.244583Fe0.70118Mn0.002885Ni0.051352O2,False,2
A00340,U00340,Na0.75Cu0.061622Fe0.402517Mn0.406665Ni0.129197O2,False,3
A00341,U00341,Na0.75Cu0.143323Fe0.606142Mn0.093448Ni0.157087O2,False,4
A00342,U00342,Na0.75Cu0.194395Fe0.139267Mn0.467872Ni0.198467O2,False,2
A00343,U00343,Na0.75Cu0.040741Fe0.215543Mn0.528173Ni0.215543O2,False,1
A00344,U00344,Na0.5Cu0.189241Fe0.138709Mn0.67205O2,False,1
A00346,U00346,Na0.5Cu0.158262Mn0.651781Ni0.189956O2,False,3
A00347,U00347,Na0.5Fe0.171843Mn0.631825Ni0.196332O2,False,1
A00348,U00348,Na0.5Cu0.226588Fe0.546824Mn0.226588O2,False,4
A00349,U00349,Na0.5Cu0.213109Fe0.310179Ni0.476712O2,False,2
A00351,U00351,Na0.5Fe0.675811Mn0.131317Ni0.192872O2,False,1
A00352,U00352,Na0.5Cu0.285301Fe0.338955Mn0.375744O2,False,1
A00354,U00354,Na0.5Cu0.196688Mn0.03157Ni0.771741O2,False,1
A00356,U00356,Na0.5Cu0.206691Fe0.175466Mn0.193192Ni0.42465O2,False,1
A00357,U00357,Na0.5Cu0.074836Fe0.694138Mn0.089505Ni0.141522O2,False,3
A00359,U00359,Na0.5Cu0.109337Fe0.093145Mn0.67199Ni0.125529O2,False,4
A00361,U00361,Na0.5Cu0.13542Fe0.348325Mn0.375458Ni0.140797O2,False,4
A00362,U00362,Na0.5Cu0.218567Fe0.21653Mn0.345146Ni0.219758O2,False,3
A00363,U00363,Na0.5Cu0.152041Fe0.347415Mn0.305697Ni0.194847O2,False,4
A00364,U00364,Na0.5Cu0.269519Fe0.617289Mn0.069805Ni0.043387O2,False,0
A00366,U00366,Na0.5Cu0.084626Fe0.409285Mn0.380996Ni0.125093O2,False,0
A00367,U00367,Na0.5Cu0.021428Fe0.729828Mn0.040222Ni0.208522O2,False,2
A00368,U00368,Na0.5Cu0.2102Fe0.156123Mn0.45975Ni0.173928O2,False,0
A00369,U00369,Na0.5Cu0.218038Fe0.181351Mn0.41926Ni0.181351O2,False,2
U00001,U00001,NaCuO2,True,0
U00002,U00002,NaFeO2,True,0
U00003,U00003,NaMnO2,True,2
U00004,U00004,NaNiO2,True,4
U00005,U00005,NaCu0.5Fe0.5O2,True,1
U00006,U00006,NaCu0.5Mn0.5O2,True,0
U00007,U00007,NaCu0.5Ni0.5O2,True,3
U00008,U00008,NaFe0.5Mn0.5O2,True,3
U00009,U00009,NaFe0.5Ni0.5O2,True,0
U00010,U00010,NaMn0.5Ni0.5O2,True,2
U00011,U00011,NaCu0.333333Fe0.333333Mn0.333333O2,True,0
U00012,U00012,NaCu0.333333Fe0.333333Ni0.333333O2,True,3
U00013,U00013,NaCu0.333333Mn0.333333Ni0.333333O2,True,4
U00014,U00014,NaFe0.333333Mn0.333333Ni0.333333O2,True,0
U00015,U00015,NaCu0.25Fe0.25Mn0.25Ni0.25O2,True,0
U00016,U00016,Na0.75CuO2,True,3
U00017,U00017,Na0.75FeO2,True,0
U00018,U00018,Na0.75MnO2,True,0
U00019,U00019,Na0.75NiO2,True,2
U00020,U00020,Na0.75Cu0.5Fe0.5O2,True,3
U00021,U00021,Na0.75Cu0.5Mn0.5O2,True,2
U00022,U00022,Na0.75Cu0.5Ni0.5O2,True,2
U00023,U00023,Na0.75Fe0.5Mn0.5O2,True,1
U00024,U00024,Na0.75Fe0.5Ni0.5O2,True,4
U00025,U00025,Na0.75Mn0.5Ni0.5O2,True,2
U00026,U00026,Na0.75Cu0.333333Fe0.333333Mn0.333333O2,True,2
U00027,U00027,Na0.75Cu0.333333Fe0.333333Ni0.333333O2,True,3
U00028,U00028,Na0.75Cu0.333333Mn0.333333Ni0.333333O2,True,4
U00029,U00029,Na0.75Fe0.333333Mn0.333333Ni0.333333O2,True,0
U00030,U00030,Na0.75Cu0.25Fe0.25Mn0.25Ni0.25O2,True,0
U00031,U00031,Na0.5CuO2,True,2
U00032,U00032,Na0.5FeO2,True,4
U00033,U00033,Na0.5MnO2,True,0
U00034,U00034,Na0.5NiO2,True,0
U00035,U00035,Na0.5Cu0.5Fe0.5O2,True,4
U00036,U00036,Na0.5Cu0.5Mn0.5O2,True,0
U00037,U00037,Na0.5Cu0.5Ni0.5O2,True,1
U00038,U00038,Na0.5Fe0.5Mn0.5O2,True,1
U00039,U00039,Na0.5Fe0.5Ni0.5O2,True,1
U00040,U00040,Na0.5Mn0.5Ni0.5O2,True,1
U00041,U00041,Na0.5Cu0.333333Fe0.333333Mn0.333333O2,True,3
U00042,U00042,Na0.5Cu0.333333Fe0.333333Ni0.333333O2,True,2
U00043,U00043,Na0.5Cu0.333333Mn0.333333Ni0.333333O2,True,3
U00044,U00044,Na0.5Fe0.333333Mn0.333333Ni0.333333O2,True,3
U00045,U00045,Na0.5Cu0.25Fe0.25Mn0.25Ni0.25O2,True,1
U00046,U00046,NaCuO2,True,0
U00047,U00047,NaFeO2,True,0
U00048,U00048,NaMnO2,True,2
U00049,U00049,NaNiO2,True,4
U00050,U00050,NaCu0.5Fe0.5O2,True,1
U00051,U00051,NaCu0.5Mn0.5O2,True,0
U00052,U00052,NaCu0.5Ni0.5O2,True,3
U00053,U00053,NaFe0.5Mn0.5O2,True,3
U00054,U00054,NaFe0.5Ni0.5O2,True,0
U00055,U00055,NaMn0.5Ni0.5O2,True,2
U00056,U00056,NaCu0.333333Fe0.333333Mn0.333333O2,True,0
U00057,U00057,NaCu0.333333Fe0.333333Ni0.333333O2,True,3
U00058,U00058,NaCu0.333333Mn0.333333Ni0.333333O2,True,4
U00059,U00059,NaFe0.333333Mn0.333333Ni0.333333O2,True,0
U00060,U00060,NaCu0.25Fe0.25Mn0.25Ni0.25O2,True,0
U00061,U00061,Na0.75CuO2,True,3
U00062,U00062,Na0.75FeO2,True,0
U00063,U00063,Na0.75MnO2,True,0
U00064,U00064,Na0.75NiO2,True,2
U00065,U00065,Na0.75Cu0.5Fe0.5O2,True,3
U00066,U00066,Na0.75Cu0.5Mn0.5O2,True,2
U00067,U00067,Na0.75Cu0.5Ni0.5O2,True,2
U00068,U00068,Na0.75Fe0.5Mn0.5O2,True,1
U00069,U00069,Na0.75Fe0.5Ni0.5O2,True,4
U00070,U00070,Na0.75Mn0.5Ni0.5O2,True,2
U00071,U00071,Na0.75Cu0.333333Fe0.333333Mn0.333333O2,True,2
U00072,U00072,Na0.75Cu0.333333Fe0.333333Ni0.333333O2,True,3
U00073,U00073,Na0.75Cu0.333333Mn0.333333Ni0.333333O2,True,4
U00074,U00074,Na0.75Fe0.333333Mn0.333333Ni0.333333O2,True,0
U00075,U00075,Na0.75Cu0.25Fe0.25Mn0.25Ni0.25O2,True,0
U00076,U00076,Na0.5CuO2,True,2
U00077,U00077,Na0.5FeO2,True,4
U00078,U00078,Na0.5MnO2,True,0
U00079,U00079,Na0.5NiO2,True,0
U00080,U00080,Na0.5Cu0.5Fe0.5O2,True,4
U00081,U00081,Na0.5Cu0.5Mn0.5O2,True,0
U00082,U00082,Na0.5Cu0.5Ni0.5O2,True,1
U00083,U00083,Na0.5Fe0.5Mn0.5O2,True,1
U00084,U00084,Na0.5Fe0.5Ni0.5O2,True,1
U00085,U00085,Na0.5Mn0.5Ni0.5O2,True,1
U00086,U00086,Na0.5Cu0.333333Fe0.333333Mn0.333333O2,True,3
U00087,U00087,Na0.5Cu0.333333Fe0.333333Ni0.333333O2,True,2
U00088,U00088,Na0.5Cu0.333333Mn0.333333Ni0.333333O2,True,3
U00089,U00089,Na0.5Fe0.333333Mn0.333333Ni0.333333O2,True,3
U00090,U00090,Na0.5Cu0.25Fe0.25Mn0.25Ni0.25O2,True,1
U00091,U00091,NaCuO2,True,0
U00092,U00092,NaFeO2,True,0
U00093,U00093,NaMnO2,True,2
U00094,U00094,NaNiO2,True,4
U00095,U00095,NaCu0.5Fe0.5O2,True,1
U00096,U00096,NaCu0.5Mn0.5O2,True,0
U00097,U00097,NaCu0.5Ni0.5O2,True,3
U00098,U00098,NaFe0.5Mn0.5O2,True,3
U00099,U00099,NaFe0.5Ni0.5O2,True,0
U00100,U00100,NaMn0.5Ni0.5O2,True,2
U00101,U00101,NaCu0.333333Fe0.333333Mn0.333333O2,True,0
U00102,U00102,NaCu0.333333Fe0.333333Ni0.333333O2,True,3
U00103,U00103,NaCu0.333333Mn0.333333Ni0.333333O2,True,4
U00104,U00104,NaFe0.333333Mn0.333333Ni0.333333O2,True,0
U00105,U00105,NaCu0.25Fe0.25Mn0.25Ni0.25O2,True,0
U00106,U00106,Na0.75CuO2,True,3
U00107,U00107,Na0.75FeO2,True,0
U00108,U00108,Na0.75MnO2,True,0
U00109,U00109,Na0.75NiO2,True,2
U00110,U00110,Na0.75Cu0.5Fe0.5O2,True,3
U00111,U00111,Na0.75Cu0.5Mn0.5O2,True,2
U00112,U00112,Na0.75Cu0.5Ni0.5O2,True,2
U00113,U00113,Na0.75Fe0.5Mn0.5O2,True,1
U00114,U00114,Na0.75Fe0.5Ni0.5O2,True,4
U00115,U00115,Na0.75Mn0.5Ni0.5O2,True,2
U00116,U00116,Na0.75Cu0.333333Fe0.333333Mn0.333333O2,True,2
U00117,U00117,Na0.75Cu0.333333Fe0.333333Ni0.333333O2,True,3
U00118,U00118,Na0.75Cu0.333333Mn0.333333Ni0.333333O2,True,4
U00119,U00119,Na0.75Fe0.333333Mn0.333333Ni0.333333O2,True,0
U00120,U00120,Na0.75Cu0.25Fe0.25Mn0.25Ni0.25O2,True,0
U00121,U00121,Na0.5CuO2,True,2
U00122,U00122,Na0.5FeO2,True,4
U00123,U00123,Na0.5MnO2,True,0
U00124,U00124,Na0.5NiO2,True,0
U00125,U00125,Na0.5Cu0.5Fe0.5O2,True,4
U00126,U00126,Na0.5Cu0.5Mn0.5O2,True,0
U00127,U00127,Na0.5Cu0.5Ni0.5O2,True,1
U00128,U00128,Na0.5Fe0.5Mn0.5O2,True,1
U00129,U00129,Na0.5Fe0.5Ni0.5O2,True,1
U00130,U00130,Na0.5Mn0.5Ni0.5O2,True,1
U00131,U00131,Na0.5Cu0.333333Fe0.333333Mn0.333333O2,True,3
U00132,U00132,Na0.5Cu0.333333Fe0.333333Ni0.333333O2,True,2
U00133,U00133,Na0.5Cu0.333333Mn0.333333Ni0.333333O2,True,3
U00134,U00134,Na0.5Fe0.333333Mn0.333333Ni0.333333O2,True,3
U00135,U00135,Na0.5Cu0.25Fe0.25Mn0.25Ni0.25O2,True,1
U00136,U00136,NaMn0.666667Cu0.166667Fe0.166667O2,True,3
U00137,U00137,NaNi0.666667Fe0.166667Cu0.166667O2,True,4
U00138,U00138,NaMn0.666667Ni0.166667Cu0.166667O2,True,2
U00139,U00139,NaMn0.666667Fe0.166667Ni0.166667O2,True,0
U00140,U00140,NaFe0.666667Cu0.166667Mn0.166667O2,True,4
U00141,U00141,NaFe0.666667Cu0.166667Ni0.166667O2,True,0
U00142,U00142,NaNi0.666667Cu0.166667Mn0.166667O2,True,1
U00143,U00143,NaFe0.666667Ni0.166667Mn0.166667O2,True,3
U00144,U00144,NaCu0.666667Fe0.166667Mn0.166667O2,True,3
U00145,U00145,NaCu0.666667Ni0.166667Fe0.166667O2,True,1
U00146,U00146,NaCu0.666667Ni0.166667Mn0.166667O2,True,3
U00147,U00147,NaNi0.666667Fe0.166667Mn0.166667O2,True,4
U00148,U00148,NaCu0.666667Ni0.111111Mn0.111111Fe0.111111O2,True,4
U00149,U00149,NaFe0.666667Cu0.111111Mn0.111111Ni0.111111O2,True,2
U00150,U00150,NaNi0.666667Fe0.111111Cu0.111111Mn0.111111O2,True,0
U00151,U00151,NaMn0.666667Cu0.111111Fe0.111111Ni0.111111O2,True,1
U00152,U00152,NaMn0.111111Cu0.296296Fe0.296296Ni0.296296O2,True,3
U00153,U00153,NaNi0.111111Cu0.296296Fe0.296296Mn0.296296O2,True,0
U00154,U00154,NaFe0.111111Mn0.296296Cu0.296296Ni0.296296O2,True,1
U00155,U00155,NaCu0.111111Mn0.296296Fe0.296296Ni0.296296O2,True,0
U00156,U00156,NaFe0.388889Ni0.388889Cu0.111111Mn0.111111O2,True,2
U00157,U00157,NaCu0.388889Ni0.388889Fe0.111111Mn0.111111O2,True,2
U00158,U00158,NaFe0.388889Mn0.388889Cu0.111111Ni0.111111O2,True,2
U00159,U00159,NaCu0.388889Fe0.388889Mn0.111111Ni0.111111O2,True,1
U00160,U00160,NaMn0.388889Ni0.388889Fe0.111111Cu0.111111O2,True,4
U00161,U00161,NaCu0.388889Mn0.388889Fe0.111111Ni0.111111O2,True,1
U00162,U00162,Na0.75Mn0.666667Cu0.166667Fe0.166667O2,True,0
U00163,U00163,Na0.75Ni0.666667Fe0.166667Cu0.166667O2,True,2
U00164,U00164,Na0.75Mn0.666667Ni0.166667Cu0.166667O2,True,3
U00165,U00165,Na0.75Mn0.666667Fe0.166667Ni0.166667O2,True,0
U00166,U00166,Na0.75Fe0.666667Cu0.166667Mn0.166667O2,True,1
U00167,U00167,Na0.75Fe0.666667Cu0.166667Ni0.166667O2,True,2
U00168,U00168,Na0.75Ni0.666667Cu0.166667Mn0.166667O2,True,3
U00169,U00169,Na0.75Fe0.666667Ni0.166667Mn0.166667O2,True,4
U00170,U00170,Na0.75Cu0.666667Fe0.166667Mn0.166667O2,True,2
U00171,U00171,Na0.75Cu0.666667Ni0.166667Fe0.166667O2,True,1
U00172,U00172,Na0.75Cu0.666667Ni0.166667Mn0.166667O2,True,3
U00173,U00173,Na0.75Ni0.666667Fe0.166667Mn0.166667O2,True,4
U00174,U00174,Na0.75Cu0.666667Ni0.111111Mn0.111111Fe0.111111O2,True,1
U00175,U00175,Na0.75Fe0.666667Cu0.111111Mn0.111111Ni0.111111O2,True,4
U00176,U00176,Na0.75Ni0.666667Fe0.111111Cu0.111111Mn0.111111O2,True,3
U00177,U00177,Na0.75Mn0.666667Cu0.111111Fe0.111111Ni0.111111O2,True,3
U00178,U00178,Na0.75Mn0.111111Cu0.296296Fe0.296296Ni0.296296O2,True,3
U00179,U00179,Na0.75Ni0.111111Cu0.296296Fe0.296296Mn0.296296O2,True,4
U00180,U00180,Na0.75Fe0.111111Mn0.296296Cu0.296296Ni0.296296O2,True,4
U00181,U00181,Na0.75Cu0.111111Mn0.296296Fe0.296296Ni0.296296O2,True,4
U00182,U00182,Na0.75Fe0.388889Ni0.388889Cu0.111111Mn0.111111O2,True,2
U00183,U00183,Na0.75Cu0.388889Ni0.388889Fe0.111111Mn0.111111O2,True,3
U00184,U00184,Na0.75Fe0.388889Mn0.388889Cu0.111111Ni0.111111O2,True,3
U00185,U00185,Na0.75Cu0.388889Fe0.388889Mn0.111111Ni0.111111O2,True,4
U00186,U00186,Na0.75Mn0.388889Ni0.388889Fe0.111111Cu0.111111O2,True,2
U00187,U00187,Na0.75Cu0.388889Mn0.388889Fe0.111111Ni0.111111O2,True,1
U00188,U00188,Na0.5Mn0.666667Cu0.166667Fe0.166667O2,True,1
U00189,U00189,Na0.5Ni0.666667Fe0.166667Cu0.166667O2,True,4
U00190,U00190,Na0.5Mn0.666667Ni0.166667Cu0.166667O2,True,3
U00191,U00191,Na0.5Mn0.666667Fe0.166667Ni0.166667O2,True,1
U00192,U00192,Na0.5Fe0.666667Cu0.166667Mn0.166667O2,True,4
U00193,U00193,Na0.5Fe0.666667Cu0.166667Ni0.166667O2,True,2
U00194,U00194,Na0.5Ni0.666667Cu0.166667Mn0.166667O2,True,2
U00195,U00195,Na0.5Fe0.666667Ni0.166667Mn0.166667O2,True,1
U00196,U00196,Na0.5Cu0.666667Fe0.166667Mn0.166667O2,True,1
U00197,U00197,Na0.5Cu0.666667Ni0.166667Fe0.166667O2,True,0
U00198,U00198,Na0.5Cu0.666667Ni0.166667Mn0.166667O2,True,1
U00199,U00199,Na0.5Ni0.666667Fe0.166667Mn0.166667O2,True,1
U00200,U00200,Na0.5Cu0.666667Ni0.111111Mn0.111111Fe0.111111O2,True,1
U00201,U00201,Na0.5Fe0.666667Cu0.111111Mn0.111111Ni0.111111O2,True,3
U00202,U00202,Na0.5Ni0.666667Fe0.111111Cu0.111111Mn0.111111O2,True,2
U00203,U00203,Na0.5Mn0.666667Cu0.111111Fe0.111111Ni0.111111O2,True,4
U00204,U00204,Na0.5Mn0.111111Cu0.296296Fe0.296296Ni0.296296O2,True,4
U00205,U00205,Na0.5Ni0.111111Cu0.296296Fe0.296296Mn0.296296O2,True,4
U00206,U00206,Na0.5Fe0.111111Mn0.296296Cu0.296296Ni0.296296O2,True,3
U00207,U00207,Na0.5Cu0.111111Mn0.296296Fe0.296296Ni0.296296O2,True,4
U00208,U00208,Na0.5Fe0.388889Ni0.388889Cu0.111111Mn0.111111O2,True,0
U00209,U00209,Na0.5Cu0.388889Ni0.388889Fe0.111111Mn0.111111O2,True,1
U00210,U00210,Na0.5Fe0.388889Mn0.388889Cu0.111111Ni0.111111O2,True,0
U00211,U00211,Na0.5Cu0.388889Fe0.388889Mn0.111111Ni0.111111O2,True,2
U00212,U00212,Na0.5Mn0.388889Ni0.388889Fe0.111111Cu0.111111O2,True,0
U00213,U00213,Na0.5Cu0.388889Mn0.388889Fe0.111111Ni0.111111O2,True,2
U00214,U00214,NaMn0.666667Cu0.166667Fe0.166667O2,True,3
U00215,U00215,NaNi0.666667Fe0.166667Cu0.166667O2,True,4
U00216,U00216,NaMn0.666667Ni0.166667Cu0.166667O2,True,2
U00217,U00217,NaMn0.666667Fe0.166667Ni0.166667O2,True,0
U00218,U00218,NaFe0.666667Cu0.166667Mn0.166667O2,True,4
U00219,U00219,NaFe0.666667Cu0.166667Ni0.166667O2,True,0
U00220,U00220,NaNi0.666667Cu0.166667Mn0.166667O2,True,1
U00221,U00221,NaFe0.666667Ni0.166667Mn0.166667O2,True,3
U00222,U00222,NaCu0.666667Fe0.166667Mn0.166667O2,True,3
U00223,U00223,NaCu0.666667Ni0.166667Fe0.166667O2,True,1
U00224,U00224,NaCu0.666667Ni0.166667Mn0.166667O2,True,3
U00225,U00225,NaNi0.666667Fe0.166667Mn0.166667O2,True,4
U00226,U00226,NaCu0.666667Ni0.111111Mn0.111111Fe0.111111O2,True,4
U00227,U00227,NaFe0.666667Cu0.111111Mn0.111111Ni0.111111O2,True,2
U00228,U00228,NaNi0.666667Fe0.111111Cu0.111111Mn0.111111O2,True,0
U00229,U00229,NaMn0.666667Cu0.111111Fe0.111111Ni0.111111O2,True,1
U00230,U00230,NaMn0.111111Cu0.296296Fe0.296296Ni0.296296O2,True,3
U00231,U00231,NaNi0.111111Cu0.296296Fe0.296296Mn0.296296O2,True,0
U00232,U00232,NaFe0.111111Mn0.296296Cu0.296296Ni0.296296O2,True,1
U00233,U00233,NaCu0.111111Mn0.296296Fe0.296296Ni0.296296O2,True,0
U00234,U00234,NaFe0.388889Ni0.388889Cu0.111111Mn0.111111O2,True,2
U00235,U00235,NaCu0.388889Ni0.388889Fe0.111111Mn0.111111O2,True,2
U00236,U00236,NaFe0.388889Mn0.388889Cu0.111111Ni0.111111O2,True,2
U00237,U00237,NaCu0.388889Fe0.388889Mn0.111111Ni0.111111O2,True,1
U00238,U00238,NaMn0.388889Ni0.388889Fe0.111111Cu0.111111O2,True,4
U00239,U00239,NaCu0.388889Mn0.388889Fe0.111111Ni0.111111O2,True,1
U00240,U00240,Na0.75Mn0.666667Cu0.166667Fe0.166667O2,True,0
U00241,U00241,Na0.75Ni0.666667Fe0.166667Cu0.166667O2,True,2
U00242,U00242,Na0.75Mn0.666667Ni0.166667Cu0.166667O2,True,3
U00243,U00243,Na0.75Mn0.666667Fe0.166667Ni0.166667O2,True,0
U00244,U00244,Na0.75Fe0.666667Cu0.166667Mn0.166667O2,True,1
U00245,U00245,Na0.75Fe0.666667Cu0.166667Ni0.166667O2,True,2
U00246,U00246,Na0.75Ni0.666667Cu0.166667Mn0.166667O2,True,3
U00247,U00247,Na0.75Fe0.666667Ni0.166667Mn0.166667O2,True,4
U00248,U00248,Na0.75Cu0.666667Fe0.166667Mn0.166667O2,True,2
U00249,U00249,Na0.75Cu0.666667Ni0.166667Fe0.166667O2,True,1
U00250,U00250,Na0.75Cu0.666667Ni0.166667Mn0.166667O2,True,3
U00251,U00251,Na0.75Ni0.666667Fe0.166667Mn0.166667O2,True,4
U00252,U00252,Na0.75Cu0.666667Ni0.111111Mn0.111111Fe0.111111O2,True,1
U00253,U00253,Na0.75Fe0.666667Cu0.111111Mn0.111111Ni0.111111O2,True,4
U00254,U00254,Na0.75Ni0.666667Fe0.111111Cu0.111111Mn0.111111O2,True,3
U00255,U00255,Na0.75Mn0.666667Cu0.111111Fe0.111111Ni0.111111O2,True,3
U00256,U00256,Na0.75Mn0.111111Cu0.296296Fe0.296296Ni0.296296O2,True,3
U00257,U00257,Na0.75Ni0.111111Cu0.296296Fe0.296296Mn0.296296O2,True,4
U00258,U00258,Na0.75Fe0.111111Mn0.296296Cu0.296296Ni0.296296O2,True,4
U00259,U00259,Na0.75Cu0.111111Mn0.296296Fe0.296296Ni0.296296O2,True,4
U00260,U00260,Na0.75Fe0.388889Ni0.388889Cu0.111111Mn0.111111O2,True,2
U00261,U00261,Na0.75Cu0.388889Ni0.388889Fe0.111111Mn0.111111O2,True,3
U00262,U00262,Na0.75Fe0.388889Mn0.388889Cu0.111111Ni0.111111O2,True,3
U00263,U00263,Na0.75Cu0.388889Fe0.388889Mn0.111111Ni0.111111O2,True,4
U00264,U00264,Na0.75Mn0.388889Ni0.388889Fe0.111111Cu0.111111O2,True,2
U00265,U00265,Na0.75Cu0.388889Mn0.388889Fe0.111111Ni0.111111O2,True,1
U00266,U00266,Na0.5Mn0.666667Cu0.166667Fe0.166667O2,True,1
U00267,U00267,Na0.5Ni0.666667Fe0.166667Cu0.166667O2,True,4
U00268,U00268,Na0.5Mn0.666667Ni0.166667Cu0.166667O2,True,3
U00269,U00269,Na0.5Mn0.666667Fe0.166667Ni0.166667O2,True,1
U00270,U00270,Na0.5Fe0.666667Cu0.166667Mn0.166667O2,True,4
U00271,U00271,Na0.5Fe0.666667Cu0.166667Ni0.166667O2,True,2
U00272,U00272,Na0.5Ni0.666667Cu0.166667Mn0.166667O2,True,2
U00273,U00273,Na0.5Fe0.666667Ni0.166667Mn0.166667O2,True,1
U00274,U00274,Na0.5Cu0.666667Fe0.166667Mn0.166667O2,True,1
U00275,U00275,Na0.5Cu0.666667Ni0.166667Fe0.166667O2,True,0
U00276,U00276,Na0.5Cu0.666667Ni0.166667Mn0.166667O2,True,1
U00277,U00277,Na0.5Ni0.666667Fe0.166667Mn0.166667O2,True,1
U00278,U00278,Na0.5Cu0.666667Ni0.111111Mn0.111111Fe0.111111O2,True,1
U00279,U00279,Na0.5Fe0.666667Cu0.111111Mn0.111111Ni0.111111O2,True,3
U00280,U00280,Na0.5Ni0.666667Fe0.111111Cu0.111111Mn0.111111O2,True,2
U00281,U00281,Na0.5Mn0.666667Cu0.111111Fe0.111111Ni0.111111O2,True,4
U00282,U00282,Na0.5Mn0.111111Cu0.296296Fe0.296296Ni0.296296O2,True,4
U00283,U00283,Na0.5Ni0.111111Cu0.296296Fe0.296296Mn0.296296O2,True,4
U00284,U00284,Na0.5Fe0.111111Mn0.296296Cu0.296296Ni0.296296O2,True,3
U00285,U00285,Na0.5Cu0.111111Mn0.296296Fe0.296296Ni0.296296O2,True,4
U00286,U00286,Na0.5Fe0.388889Ni0.388889Cu0.111111Mn0.111111O2,True,0
U00287,U00287,Na0.5Cu0.388889Ni0.388889Fe0.111111Mn0.111111O2,True,1
U00288,U00288,Na0.5Fe0.388889Mn0.388889Cu0.111111Ni0.111111O2,True,0
U00289,U00289,Na0.5Cu0.388889Fe0.388889Mn0.111111Ni0.111111O2,True,2
U00290,U00290,Na0.5Mn0.388889Ni0.388889Fe0.111111Cu0.111111O2,True,0
U00291,U00291,Na0.5Cu0.388889Mn0.388889Fe0.111111Ni0.111111O2,True,2
U00292,U00292,NaMn0.666667Cu0.166667Fe0.166667O2,True,3
U00293,U00293,NaNi0.666667Fe0.166667Cu0.166667O2,True,4
U00294,U00294,NaMn0.666667Ni0.166667Cu0.166667O2,True,2
U00295,U00295,NaMn0.666667Fe0.166667Ni0.166667O2,True,0
U00296,U00296,NaFe0.666667Cu0.166667Mn0.166667O2,True,4
U00297,U00297,NaFe0.666667Cu0.166667Ni0.166667O2,True,0
U00298,U00298,NaNi0.666667Cu0.166667Mn0.166667O2,True,1
U00299,U00299,NaFe0.666667Ni0.166667Mn0.166667O2,True,3
U00300,U00300,NaCu0.666667Fe0.166667Mn0.166667O2,True,3
U00301,U00301,NaCu0.666667Ni0.166667Fe0.166667O2,True,1
U00302,U00302,NaCu0.666667Ni0.166667Mn0.166667O2,True,3
U00303,U00303,NaNi0.666667Fe0.166667Mn0.166667O2,True,4
U00304,U00304,NaCu0.666667Ni0.111111Mn0.111111Fe0.111111O2,True,4
U00305,U00305,NaFe0.666667Cu0.111111Mn0.111111Ni0.111111O2,True,2
U00306,U00306,NaNi0.666667Fe0.111111Cu0.111111Mn0.111111O2,True,0
U00307,U00307,NaMn0.666667Cu0.111111Fe0.111111Ni0.111111O2,True,1
U00308,U00308,NaMn0.111111Cu0.296296Fe0.296296Ni0.296296O2,True,3
U00309,U00309,NaNi0.111111Cu0.296296Fe0.296296Mn0.296296O2,True,0
U00310,U00310,NaFe0.111111Mn0.296296Cu0.296296Ni0.296296O2,True,1
U00311,U00311,NaCu0.111111Mn0.296296Fe0.296296Ni0.296296O2,True,0
U00312,U00312,NaFe0.388889Ni0.388889Cu0.111111Mn0.111111O2,True,2
U00313,U00313,NaCu0.388889Ni0.388889Fe0.111111Mn0.111111O2,True,2
U00314,U00314,NaFe0.388889Mn0.388889Cu0.111111Ni0.111111O2,True,2
U00315,U00315,NaCu0.388889Fe0.388889Mn0.111111Ni0.111111O2,True,1
U00316,U00316,NaMn0.388889Ni0.388889Fe0.111111Cu0.111111O2,True,4
U00317,U00317,NaCu0.388889Mn0.388889Fe0.111111Ni0.111111O2,True,1
U00318,U00318,Na0.75Mn0.666667Cu0.166667Fe0.166667O2,True,0
U00319,U00319,Na0.75Ni0.666667Fe0.166667Cu0.166667O2,True,2
U00320,U00320,Na0.75Mn0.666667Ni0.166667Cu0.166667O2,True,3
U00321,U00321,Na0.75Mn0.666667Fe0.166667Ni0.166667O2,True,0
U00322,U00322,Na0.75Fe0.666667Cu0.166667Mn0.166667O2,True,1
U00323,U00323,Na0.75Fe0.666667Cu0.166667Ni0.166667O2,True,2
U00324,U00324,Na0.75Ni0.666667Cu0.166667Mn0.166667O2,True,3
U00325,U00325,Na0.75Fe0.666667Ni0.166667Mn0.166667O2,True,4
U00326,U00326,Na0.75Cu0.666667Fe0.166667Mn0.166667O2,True,2
U00327,U00327,Na0.75Cu0.666667Ni0.166667Fe0.166667O2,True,1
U00328,U00328,Na0.75Cu0.666667Ni0.166667Mn0.166667O2,True,3
U00329,U00329,Na0.75Ni0.666667Fe0.166667Mn0.166667O2,True,4
U00330,U00330,Na0.75Cu0.666667Ni0.111111Mn0.111111Fe0.111111O2,True,1
U00331,U00331,Na0.75Fe0.666667Cu0.111111Mn0.111111Ni0.111111O2,True,4
U00332,U00332,Na0.75Ni0.666667Fe0.111111Cu0.111111Mn0.111111O2,True,3
U00333,U00333,Na0.75Mn0.666667Cu0.111111Fe0.111111Ni0.111111O2,True,3
U00334,U00334,Na0.75Mn0.111111Cu0.296296Fe0.296296Ni0.296296O2,True,3
U00335,U00335,Na0.75Ni0.111111Cu0.296296Fe0.296296Mn0.296296O2,True,4
U00336,U00336,Na0.75Fe0.111111Mn0.296296Cu0.296296Ni0.296296O2,True,4
U00337,U00337,Na0.75Cu0.111111Mn0.296296Fe0.296296Ni0.296296O2,True,4
U00338,U00338,Na0.75Fe0.388889Ni0.388889Cu0.111111Mn0.111111O2,True,2
U00339,U00339,Na0.75Cu0.388889Ni0.388889Fe0.111111Mn0.111111O2,True,3
U00340,U00340,Na0.75Fe0.388889Mn0.388889Cu0.111111Ni0.111111O2,True,3
U00341,U00341,Na0.75Cu0.388889Fe0.388889Mn0.111111Ni0.111111O2,True,4
U00342,U00342,Na0.75Mn0.388889Ni0.388889Fe0.111111Cu0.111111O2,True,2
U00343,U00343,Na0.75Cu0.388889Mn0.388889Fe0.111111Ni0.111111O2,True,1
U00344,U00344,Na0.5Mn0.666667Cu0.166667Fe0.166667O2,True,1
U00345,U00345,Na0.5Ni0.666667Fe0.166667Cu0.166667O2,True,4
U00346,U00346,Na0.5Mn0.666667Ni0.166667Cu0.166667O2,True,3
U00347,U00347,Na0.5Mn0.666667Fe0.166667Ni0.166667O2,True,1
U00348,U00348,Na0.5Fe0.666667Cu0.166667Mn0.166667O2,True,4
U00349,U00349,Na0.5Fe0.666667Cu0.166667Ni0.166667O2,True,2
U00350,U00350,Na0.5Ni0.666667Cu0.166667Mn0.166667O2,True,2
U00351,U00351,Na0.5Fe0.666667Ni0.166667Mn0.166667O2,True,1
U00352,U00352,Na0.5Cu0.666667Fe0.166667Mn0.166667O2,True,1
U00353,U00353,Na0.5Cu0.666667Ni0.166667Fe0.166667O2,True,0
U00354,U00354,Na0.5Cu0.666667Ni0.166667Mn0.166667O2,True,1
U00355,U00355,Na0.5Ni0.666667Fe0.166667Mn0.166667O2,True,1
U00356,U00356,Na0.5Cu0.666667Ni0.111111Mn0.111111Fe0.111111O2,True,1
U00357,U00357,Na0.5Fe0.666667Cu0.111111Mn0.111111Ni0.111111O2,True,3
U00358,U00358,Na0.5Ni0.666667Fe0.111111Cu0.111111Mn0.111111O2,True,2
U00359,U00359,Na0.5Mn0.666667Cu0.111111Fe0.111111Ni0.111111O2,True,4
U00360,U00360,Na0.5Mn0.111111Cu0.296296Fe0.296296Ni0.296296O2,True,4
U00361,U00361,Na0.5Ni0.111111Cu0.296296Fe0.296296Mn0.296296O2,True,4
U00362,U00362,Na0.5Fe0.111111Mn0.296296Cu0.296296Ni0.296296O2,True,3
U00363,U00363,Na0.5Cu0.111111Mn0.296296Fe0.296296Ni0.296296O2,True,4
U00364,U00364,Na0.5Fe0.388889Ni0.388889Cu0.111111Mn0.111111O2,True,0
U00365,U00365,Na0.5Cu0.388889Ni0.388889Fe0.111111Mn0.111111O2,True,1
U00366,U00366,Na0.5Fe0.388889Mn0.388889Cu0.111111Ni0.111111O2,True,0
U00367,U00367,Na0.5Cu0.388889Fe0.388889Mn0.111111Ni0.111111O2,True,2
U00368,U00368,Na0.5Mn0.388889Ni0.388889Fe0.111111Cu0.111111O2,True,0
U00369,U00369,Na0.5Cu0.388889Mn0.388889Fe0.111111Ni0.111111O2,True,2
