UID,Chemical,Time,Temperature,P2O3ratio,Cat_Success,Impurity_Precentage
A00006,NaCu0.275073Mn0.724927O2,12,950,1.0,Successful,43.56
A00008,NaFe0.497381Mn0.502619O2,12,950,0.997605746209098,Successful,63.63
A00010,NaMn0.736534Ni0.263466O2,12,950,0.9781987133666904,Successful,31.24
A00011,NaCu0.250091Fe0.523806Mn0.226103O2,12,950,0.6271428571428572,Successful,41.06
A00013,NaCu0.3296Mn0.63802Ni0.03238O2,12,950,0.9807026224641266,Successful,56.44
A00014,NaFe0.04303Mn0.518076Ni0.438894O2,12,950,0.9316434064369126,Successful,71.18
A00015,NaCu0.218298Fe0.535474Mn0.141456Ni0.104772O2,12,950,0.7713266299059358,Successful,56.55
A00021,Na0.75Cu0.132539Mn0.867461O2,12,950,1.0,Successful,42.48
A00023,Na0.75Fe0.478742Mn0.521258O2,12,950,0.9573675496688742,Successful,67.64
A00025,Na0.75Mn0.879347Ni0.120653O2,12,950,0.9942153231511924,Successful,68.01
A00026,Na0.75Cu0.175076Fe0.443341Mn0.381583O2,12,950,1.0,Successful,37.73
A00028,Na0.75Cu0.18061Mn0.784812Ni0.034578O2,12,950,0.9740052080953904,Successful,55.55
A00029,Na0.75Fe0.241843Mn0.523133Ni0.235024O2,12,950,0.8638643420109864,Successful,50.19
A00030,Na0.75Cu0.361458Fe0.4716Mn0.010816Ni0.156125O2,12,950,0.8407224958949097,Successful,53.22
A00036,Na0.5Cu0.410276Mn0.589724O2,12,950,0.7383437717466944,Successful,63.3
A00038,Na0.5Fe0.588405Mn0.411595O2,12,950,1.0,Successful,60.19
A00040,Na0.5Mn0.653525Ni0.346475O2,12,950,0.8862876254180603,Successful,77.12
A00041,Na0.5Cu0.278119Fe0.173047Mn0.548834O2,12,950,1.0,Successful,55.0
A00043,Na0.5Cu0.735815Mn0.225494Ni0.038691O2,12,950,0.8693633952254642,Successful,73.08
A00044,Na0.5Fe0.016851Mn0.719142Ni0.264007O2,12,950,0.9912430507612368,Successful,61.48
A00045,Na0.5Cu0.226743Fe0.330063Mn0.350319Ni0.092874O2,12,950,0.9704966451571478,Successful,61.47
A00051,NaCu0.371444Mn0.628556O2,6,950,0.9975116124751162,Successful,38.73
A00053,NaFe0.510259Mn0.489741O2,6,950,0.9764985476630578,Successful,25.0
A00054,NaFe0.61655Ni0.38345O2,6,950,0.3630136986301369,Successful,78.29
A00055,NaMn0.771647Ni0.228353O2,6,950,0.9910056640007778,Successful,45.52
A00056,NaCu0.341305Fe0.406438Mn0.252257O2,6,950,1.0,Successful,50.99
A00058,NaCu0.220266Mn0.598146Ni0.181588O2,6,950,0.9413702239789196,Successful,60.31
A00059,NaFe0.358693Mn0.433667Ni0.20764O2,6,950,0.3572110792741165,Successful,31.97
A00060,NaCu0.149097Fe0.383834Mn0.23265Ni0.234419O2,6,950,0.3946716232961586,Successful,42.02
A00066,Na0.75Cu0.152237Mn0.847763O2,6,950,0.9909234411996842,Successful,36.14
A00068,Na0.75Fe0.442363Mn0.557637O2,6,950,0.9987205932269771,Successful,45.31
A00070,Na0.75Mn0.750202Ni0.249798O2,6,950,0.974703737465816,Successful,42.82
A00071,Na0.75Cu0.221917Fe0.41759Mn0.360493O2,6,950,1.0,Successful,38.78
A00073,Na0.75Cu0.145459Mn0.725931Ni0.12861O2,6,950,0.9893302959157582,Successful,50.14
A00074,Na0.75Fe0.243659Mn0.538915Ni0.217426O2,6,950,0.7174165422797166,Successful,39.41
A00075,Na0.75Cu0.116208Fe0.434895Mn0.329143Ni0.119754O2,6,950,0.4236589530707179,Successful,47.27
A00083,Na0.5Fe0.711704Mn0.288296O2,6,950,0.993093149150644,Successful,72.83
A00085,Na0.5Mn0.838499Ni0.161501O2,6,950,0.9645368388871906,Successful,60.06
A00086,Na0.5Cu0.178922Fe0.513035Mn0.308043O2,6,950,1.0,Successful,47.75
A00089,Na0.5Fe0.05955Mn0.724735Ni0.215715O2,6,950,0.9793317258008956,Successful,47.87
A00090,Na0.5Cu0.149718Fe0.391032Mn0.293434Ni0.165817O2,6,950,0.8895882507212169,Successful,59.01
A00096,NaCu0.420626Mn0.579374O2,3,950,1.0,Successful,49.51
A00098,NaFe0.50599Mn0.49401O2,3,950,0.3054375531011045,Successful,39.23
A00099,NaFe0.602288Ni0.397712O2,3,950,0.3357933579335793,Successful,81.02
A00100,NaMn0.668512Ni0.331488O2,3,950,0.9802933767965624,Successful,30.91
A00101,NaCu0.296127Fe0.391777Mn0.312096O2,3,950,0.3665201005025125,Successful,46.48
A00103,NaCu0.004538Mn0.788297Ni0.207165O2,3,950,0.951747088186356,Successful,57.29
A00104,NaFe0.317872Mn0.433513Ni0.248615O2,3,950,0.2481951219512194,Successful,29.16
A00105,NaCu0.24024Fe0.302667Mn0.158165Ni0.298928O2,3,950,0.6783448275862068,Successful,54.04
A00111,Na0.75Cu0.26266Mn0.73734O2,3,950,1.0,Successful,44.4
A00113,Na0.75Fe0.571653Mn0.428347O2,3,950,1.0,Successful,38.46
A00114,Na0.75Fe0.027817Ni0.972183O2,3,950,0.2224094355518112,Successful,81.91
A00115,Na0.75Mn0.672653Ni0.327347O2,3,950,0.9777844043536604,Successful,29.77
A00116,Na0.75Cu0.076436Fe0.500234Mn0.42333O2,3,950,0.7245044527434645,Successful,37.38
A00118,Na0.75Cu0.036724Mn0.765854Ni0.197422O2,3,950,0.9839175257731958,Successful,47.95
A00119,Na0.75Fe0.165224Mn0.543419Ni0.291357O2,3,950,0.5881605691056911,Successful,37.0
A00126,Na0.5Cu0.294796Mn0.705204O2,3,950,0.9822251481237656,Successful,56.72
A00128,Na0.5Fe0.523517Mn0.476483O2,3,950,0.9917355371900828,Successful,47.9
A00129,Na0.5Fe0.287826Ni0.712174O2,3,950,0.3784355179704017,Successful,80.02
A00131,Na0.5Cu0.045192Fe0.254326Mn0.700482O2,3,950,0.981409759876065,Successful,77.47
A00133,Na0.5Cu0.660563Mn0.154362Ni0.185075O2,3,950,0.9005681818181819,Successful,68.55
A00134,Na0.5Fe0.236937Mn0.527872Ni0.235191O2,3,950,0.9943281511404904,Successful,55.91
A00135,Na0.5Cu0.111536Fe0.400211Mn0.446165Ni0.042088O2,3,950,0.872623684669496,Successful,53.54
A00136,NaCu0.13985Fe0.154772Mn0.705378O2,12,950,0.9947124917382684,Successful,14.53
A00138,NaCu0.124589Mn0.704963Ni0.170448O2,12,950,0.9965355967434608,Successful,13.57
A00139,NaFe0.180588Mn0.638824Ni0.180588O2,12,950,0.9971431204497282,Successful,16.92
A00140,NaCu0.050175Fe0.855502Mn0.094323O2,12,950,0.1901966303429973,Successful,51.93
A00142,NaCu0.693277Mn0.160652Ni0.146071O2,12,950,0.8888888888888888,Successful,83.72
A00143,NaFe0.651675Mn0.146033Ni0.202291O2,12,950,0.1881697385340762,Successful,53.31
A00144,NaCu0.825996Fe0.090085Mn0.08392O2,12,950,1.0,Successful,68.23
A00146,NaCu0.058357Mn0.552372Ni0.389271O2,12,950,0.8624917163684559,Successful,73.43
A00149,NaCu0.148828Fe0.741551Mn0.014045Ni0.095576O2,12,950,0.1128484024473147,Successful,74.31
A00151,NaCu0.11884Fe0.11884Mn0.643479Ni0.11884O2,12,950,0.9976186932579252,Successful,18.73
A00153,NaCu0.098627Fe0.509693Mn0.251949Ni0.139732O2,12,950,0.7260130718954249,Successful,41.04
A00154,NaCu0.23941Fe0.180675Mn0.46362Ni0.116295O2,12,950,0.9780724120346762,Successful,54.92
A00155,NaCu0.179418Fe0.334696Mn0.402934Ni0.082952O2,12,950,0.8105117565698479,Successful,54.0
A00158,NaCu0.08275Fe0.41605Mn0.378372Ni0.122828O2,12,950,0.6374222043766312,Successful,20.33
A00159,NaCu0.109544Fe0.56649Mn0.077266Ni0.2467O2,12,950,0.2639405204460966,Successful,53.03
A00160,NaCu0.175806Fe0.175806Mn0.557813Ni0.090575O2,12,950,1.0,Successful,36.59
A00161,NaCu0.145369Fe0.174654Mn0.505324Ni0.174654O2,12,950,1.0,Successful,38.78
A00162,Na0.75Cu0.131324Fe0.014844Mn0.853832O2,12,950,0.9831302717900656,Successful,30.73
A00164,Na0.75Cu0.639347Mn0.182482Ni0.178171O2,12,950,0.8130322102924843,Successful,62.42
A00165,Na0.75Fe0.146162Mn0.691534Ni0.162303O2,12,950,0.99223925799735,Successful,17.33
A00166,Na0.75Cu0.341073Fe0.569778Mn0.08915O2,12,950,0.520927654070036,Successful,72.16
A00170,Na0.75Cu0.14411Fe0.386524Mn0.469366O2,12,950,1.0,Successful,68.57
A00177,Na0.75Cu0.088033Fe0.118068Mn0.67583Ni0.118068O2,12,950,0.9989021400748952,Successful,9.87
A00179,Na0.75Cu0.049736Fe0.389108Mn0.394973Ni0.166182O2,12,950,0.7245841035120147,Successful,33.39
A00181,Na0.75Cu0.222907Fe0.238048Mn0.416547Ni0.122498O2,12,950,0.9493632504548212,Successful,52.48
A00182,Na0.75Cu0.012695Fe0.021458Mn0.296357Ni0.669489O2,12,950,0.3813163481953291,Successful,69.72
A00184,Na0.75Cu0.071153Fe0.333695Mn0.477383Ni0.117769O2,12,950,1.0,Successful,31.02
A00186,Na0.75Cu0.175587Fe0.154674Mn0.540213Ni0.129527O2,12,950,0.9679093005380476,Successful,42.04
A00187,Na0.75Cu0.142157Fe0.165317Mn0.52721Ni0.165317O2,12,950,1.0,Successful,35.65
A00188,Na0.5Cu0.320138Fe0.034333Mn0.645528O2,12,950,0.9385740402193784,Successful,45.78
A00191,Na0.5Fe0.18191Mn0.721776Ni0.096314O2,12,950,1.0,Successful,31.95
A00192,Na0.5Cu0.417905Fe0.329366Mn0.252729O2,12,950,0.2484699482136318,Successful,55.72
A00195,Na0.5Fe0.485545Mn0.203268Ni0.311187O2,12,950,0.2552109811896288,Successful,59.31
A00203,Na0.5Cu0.142839Fe0.120464Mn0.689042Ni0.047655O2,12,950,0.9951219512195122,Successful,28.12
A00205,Na0.5Cu0.089615Fe0.036184Mn0.646054Ni0.228147O2,12,950,1.0,Successful,51.17
A00207,Na0.5Cu0.196723Fe0.325478Mn0.415786Ni0.062013O2,12,950,0.9922066895108712,Successful,53.66
A00210,Na0.5Cu0.077857Fe0.311301Mn0.525108Ni0.085733O2,12,950,1.0,Successful,38.02
A00214,NaCu0.13497Fe0.140202Mn0.724828O2,6,950,0.991751269035533,Successful,17.09
A00216,NaCu0.175915Mn0.64817Ni0.175915O2,6,950,0.9934761026804708,Successful,15.44
A00217,NaFe0.166667Mn0.666666Ni0.166667O2,6,950,0.9984274099106636,Successful,8.15
A00218,NaCu0.230715Fe0.683689Mn0.085596O2,6,950,0.2038275733927907,Successful,40.45
A00221,NaFe0.810728Mn0.058493Ni0.130779O2,6,950,0.3246058558558559,Successful,40.38
A00222,NaCu0.284497Fe0.444795Mn0.270708O2,6,950,0.6788747346072186,Successful,67.61
A00227,NaCu0.102677Fe0.641217Mn0.09287Ni0.163236O2,6,950,0.143559718969555,Successful,36.17
A00229,NaCu0.137441Fe0.099781Mn0.625336Ni0.137441O2,6,950,0.9937332139659802,Successful,26.88
A00231,NaCu0.083631Fe0.261551Mn0.560175Ni0.094643O2,6,950,1.0,Successful,48.38
A00233,NaCu0.124106Fe0.326239Mn0.435114Ni0.114541O2,6,950,0.9542283531677136,Successful,58.55
A00236,NaCu0.091247Fe0.361451Mn0.422373Ni0.124929O2,6,950,0.5681863035326624,Successful,20.29
A00238,NaCu0.173742Fe0.173742Mn0.472999Ni0.179516O2,6,950,0.9484620418848168,Successful,35.04
A00239,NaCu0.141031Fe0.035738Mn0.604048Ni0.219183O2,6,950,0.6434599156118143,Successful,43.91
A00240,Na0.75Cu0.153671Fe0.172554Mn0.673775O2,6,950,0.9935145577480337,Successful,20.04
A00242,Na0.75Cu0.1726Mn0.6548Ni0.1726O2,6,950,0.982959268495428,Successful,8.18
A00243,Na0.75Fe0.056368Mn0.761521Ni0.182111O2,6,950,0.9914097653490016,Successful,20.48
A00244,Na0.75Cu0.145916Fe0.735094Mn0.11899O2,6,950,0.1714774951076321,Successful,41.08
A00247,Na0.75Fe0.713441Mn0.075136Ni0.211423O2,6,950,0.0880607643009731,Successful,33.42
A00248,Na0.75Cu0.598652Fe0.27917Mn0.122178O2,6,950,1.0,Successful,75.31
A00250,Na0.75Cu0.164587Mn0.155744Ni0.679668O2,6,950,1.0,Successful,78.21
A00255,Na0.75Cu0.132077Fe0.090186Mn0.645661Ni0.132077O2,6,950,0.9699359290290784,Successful,33.83
A00257,Na0.75Cu0.20316Fe0.38027Mn0.278709Ni0.137861O2,6,950,0.6452709080611667,Successful,30.99
A00258,Na0.75Cu0.227301Fe0.125383Mn0.575687Ni0.071629O2,6,950,0.9697251979506288,Successful,51.78
A00259,Na0.75Cu0.149605Fe0.151178Mn0.49753Ni0.201686O2,6,950,0.8740569668976135,Successful,50.79
A00262,Na0.75Cu0.102604Fe0.282707Mn0.491324Ni0.123365O2,6,950,0.7547711292868416,Successful,22.91
A00263,Na0.75Cu0.15933Fe0.621451Mn0.00042Ni0.2188O2,6,950,0.29308783579837,Successful,56.0
A00264,Na0.75Cu0.120606Fe0.119947Mn0.572142Ni0.187304O2,6,950,0.9781094527363184,Successful,45.97
A00265,Na0.75Cu0.192237Fe0.120709Mn0.523111Ni0.163943O2,6,950,1.0,Successful,29.42
A00266,Na0.5Cu0.100956Fe0.029479Mn0.869565O2,6,950,0.9582517938682324,Successful,64.97
A00268,Na0.5Cu0.178928Mn0.752971Ni0.068101O2,6,950,0.8854059609455293,Successful,75.09
A00270,Na0.5Cu0.46176Fe0.264835Mn0.273405O2,6,950,0.3459337148941834,Successful,83.29
A00273,Na0.5Fe0.410746Mn0.294627Ni0.294627O2,6,950,0.2578083642138697,Successful,60.34
A00281,Na0.5Cu0.157233Fe0.128395Mn0.708665Ni0.005707O2,6,950,0.9757516973811832,Successful,48.98
A00283,Na0.5Cu0.43002Fe0.014659Mn0.316166Ni0.239155O2,6,950,0.9367088607594936,Successful,71.61
A00285,Na0.5Cu0.215587Fe0.385806Mn0.241939Ni0.156668O2,6,950,0.9882794186591656,Successful,73.72
A00288,Na0.5Cu0.091069Fe0.055574Mn0.720336Ni0.133021O2,6,950,0.9929308975377285,Successful,48.35
A00291,Na0.5Cu0.161227Fe0.052625Mn0.68305Ni0.103098O2,6,950,0.9852164427603628,Successful,51.98
A00292,NaCu0.12291Fe0.09057Mn0.78652O2,3,950,0.9939493846355582,Successful,22.77
A00294,NaCu0.032987Mn0.753101Ni0.213912O2,3,950,0.981596958174905,Successful,27.57
A00295,NaFe0.183282Mn0.633435Ni0.183282O2,3,950,0.9936652793795652,Successful,22.1
A00296,NaCu0.148516Fe0.566432Mn0.285051O2,3,950,0.2233468286099865,Successful,46.29
A00299,NaFe0.51023Mn0.263883Ni0.225888O2,3,950,0.173806275579809,Successful,40.15
A00305,NaCu0.275566Fe0.532899Mn0.075875Ni0.115659O2,3,950,0.1621073961499493,Successful,67.54
A00307,NaCu0.114459Fe0.014484Mn0.773097Ni0.09796O2,3,950,0.9981991791607338,Successful,35.21
A00308,NaCu0.638376Fe0.334565Mn0.018501Ni0.008559O2,3,950,0.0357011409642988,Successful,60.31
A00312,NaCu0.062522Fe0.653383Mn0.029597Ni0.254498O2,3,950,0.8864876664483737,Successful,51.11
A00314,NaCu0.005344Fe0.079441Mn0.74412Ni0.171095O2,3,950,1.0,Successful,41.63
A00315,NaCu0.055137Fe0.687821Mn0.161831Ni0.09521O2,3,950,0.2484880531412141,Successful,59.15
A00316,NaCu0.125169Fe0.055829Mn0.798817Ni0.020185O2,3,950,0.9687917967008473,Successful,49.81
A00317,NaCu0.196176Fe0.222191Mn0.359442Ni0.222191O2,3,950,0.9326066450057646,Successful,65.87
A00318,Na0.75Cu0.094841Fe0.181032Mn0.724127O2,3,950,0.9940920473608712,Successful,26.06
A00320,Na0.75Cu0.111454Mn0.710836Ni0.177709O2,3,950,0.9964489732901034,Successful,11.89
A00321,Na0.75Fe0.17232Mn0.655361Ni0.17232O2,3,950,0.9995142936441854,Successful,13.38
A00322,Na0.75Cu0.200018Fe0.704374Mn0.095607O2,3,950,0.2143325117773687,Successful,38.46
A00323,Na0.75Cu0.402224Fe0.428157Ni0.169619O2,3,950,0.3352528793189784,Successful,84.95
A00325,Na0.75Fe0.657605Mn0.180439Ni0.161956O2,3,950,0.1752486834406085,Successful,35.03
A00326,Na0.75Cu0.221398Fe0.436699Mn0.341903O2,3,950,0.6053226211398444,Successful,62.26
A00330,Na0.75Cu0.372605Fe0.083725Mn0.08534Ni0.45833O2,3,950,0.4749433392092672,Successful,70.95
A00331,Na0.75Cu0.075902Fe0.70613Mn0.108984Ni0.108984O2,3,950,0.0889126941617568,Successful,41.06
A00333,Na0.75Cu0.117485Fe0.060117Mn0.704913Ni0.117485O2,3,950,0.9979833830765508,Successful,10.82
A00334,Na0.75Cu0.460059Fe0.353665Mn0.143632Ni0.042645O2,3,950,0.243174061433447,Successful,71.87
A00335,Na0.75Cu0.144176Fe0.390348Mn0.319095Ni0.146381O2,3,950,0.1270434376459598,Successful,55.31
A00336,Na0.75Cu0.110668Fe0.360933Mn0.491086Ni0.037313O2,3,950,0.9624778761061948,Successful,61.28
A00337,Na0.75Cu0.083317Fe0.249572Mn0.512956Ni0.154155O2,3,950,0.3940860215053763,Successful,45.31
A00338,Na0.75Cu0.244583Fe0.70118Mn0.002885Ni0.051352O2,3,950,0.0570388971454927,Successful,60.73
A00340,Na0.75Cu0.061622Fe0.402517Mn0.406665Ni0.129197O2,3,950,0.5902006809194528,Successful,19.99
A00341,Na0.75Cu0.143323Fe0.606142Mn0.093448Ni0.157087O2,3,950,0.097820823244552,Successful,56.3
A00342,Na0.75Cu0.194395Fe0.139267Mn0.467872Ni0.198467O2,3,950,0.8331403405531617,Successful,40.37
A00343,Na0.75Cu0.040741Fe0.215543Mn0.528173Ni0.215543O2,3,950,0.9809837264582192,Successful,61.02
A00344,Na0.5Cu0.189241Fe0.138709Mn0.67205O2,3,950,0.907103825136612,Successful,33.68
A00346,Na0.5Cu0.158262Mn0.651781Ni0.189956O2,3,950,0.9649045149867208,Successful,20.43
A00347,Na0.5Fe0.171843Mn0.631825Ni0.196332O2,3,950,1.0,Successful,29.79
A00348,Na0.5Cu0.226588Fe0.546824Mn0.226588O2,3,950,0.0935387343455613,Successful,39.49
A00349,Na0.5Cu0.213109Fe0.310179Ni0.476712O2,3,950,0.1695786228160329,Successful,81.15
A00351,Na0.5Fe0.675811Mn0.131317Ni0.192872O2,3,950,0.07152466367713,Successful,25.72
A00352,Na0.5Cu0.285301Fe0.338955Mn0.375744O2,3,950,0.5508112724167378,Successful,58.63
A00354,Na0.5Cu0.196688Mn0.03157Ni0.771741O2,3,950,0.6071514278857691,Successful,70.45
A00356,Na0.5Cu0.206691Fe0.175466Mn0.193192Ni0.42465O2,3,950,0.4049984944293887,Successful,73.1
A00357,Na0.5Cu0.074836Fe0.694138Mn0.089505Ni0.141522O2,3,950,0.0451233183856502,Successful,46.77
A00359,Na0.5Cu0.109337Fe0.093145Mn0.67199Ni0.125529O2,3,950,0.9585621567648528,Successful,16.84
A00361,Na0.5Cu0.13542Fe0.348325Mn0.375458Ni0.140797O2,3,950,0.306081353201772,Successful,28.33
A00362,Na0.5Cu0.218567Fe0.21653Mn0.345146Ni0.219758O2,3,950,0.531886285055705,Successful,46.24
A00363,Na0.5Cu0.152041Fe0.347415Mn0.305697Ni0.194847O2,3,950,0.3105423987776929,Successful,32.48
A00364,Na0.5Cu0.269519Fe0.617289Mn0.069805Ni0.043387O2,3,950,0.119678200199345,Successful,64.88
A00366,Na0.5Cu0.084626Fe0.409285Mn0.380996Ni0.125093O2,3,950,0.2636117686844774,Successful,16.42
A00367,Na0.5Cu0.021428Fe0.729828Mn0.040222Ni0.208522O2,3,950,0.1407914764079147,Successful,49.99
A00368,Na0.5Cu0.2102Fe0.156123Mn0.45975Ni0.173928O2,3,950,0.7303664921465968,Successful,44.87
A00369,Na0.5Cu0.218038Fe0.181351Mn0.41926Ni0.181351O2,3,950,1.0,Successful,42.76
U00001,NaCuO2,12,950,-1.0,Unsuccessful,94.92
U00002,NaFeO2,12,950,-1.0,Unsuccessful,100.0
U00003,NaMnO2,12,950,1.0,Successful,9.13
U00004,NaNiO2,12,950,-1.0,Unsuccessful,97.89
U00005,NaCu0.5Fe0.5O2,12,950,-1.0,Unsuccessful,99.56
U00006,NaCu0.5Mn0.5O2,12,950,1.0,Successful,43.56
U00007,NaCu0.5Ni0.5O2,12,950,-1.0,Unsuccessful,99.41
U00008,NaFe0.5Mn0.5O2,12,950,0.997605746209098,Successful,63.63
U00009,NaFe0.5Ni0.5O2,12,950,-1.0,Unsuccessful,87.61
U00010,NaMn0.5Ni0.5O2,12,950,0.9781987133666904,Successful,31.24
U00011,NaCu0.333333Fe0.333333Mn0.333333O2,12,950,0.6271428571428572,Successful,41.06
U00012,NaCu0.333333Fe0.333333Ni0.333333O2,12,950,-1.0,Unsuccessful,99.03
U00013,NaCu0.333333Mn0.333333Ni0.333333O2,12,950,0.9807026224641266,Successful,56.44
U00014,NaFe0.333333Mn0.333333Ni0.333333O2,12,950,0.9316434064369126,Successful,71.18
U00015,NaCu0.25Fe0.25Mn0.25Ni0.25O2,12,950,0.7713266299059358,Successful,56.55
U00016,Na0.75CuO2,12,950,-1.0,Unsuccessful,95.69
U00017,Na0.75FeO2,12,950,-1.0,Unsuccessful,99.61
U00018,Na0.75MnO2,12,950,1.0,Successful,7.96
U00019,Na0.75NiO2,12,950,-1.0,Unsuccessful,98.97
U00020,Na0.75Cu0.5Fe0.5O2,12,950,-1.0,Unsuccessful,97.73
U00021,Na0.75Cu0.5Mn0.5O2,12,950,1.0,Successful,42.48
U00022,Na0.75Cu0.5Ni0.5O2,12,950,-1.0,Unsuccessful,100.0
U00023,Na0.75Fe0.5Mn0.5O2,12,950,0.9573675496688742,Successful,67.64
U00024,Na0.75Fe0.5Ni0.5O2,12,950,-1.0,Unsuccessful,86.55
U00025,Na0.75Mn0.5Ni0.5O2,12,950,0.9942153231511924,Successful,68.01
U00026,Na0.75Cu0.333333Fe0.333333Mn0.333333O2,12,950,1.0,Successful,37.73
U00027,Na0.75Cu0.333333Fe0.333333Ni0.333333O2,12,950,-1.0,Unsuccessful,98.43
U00028,Na0.75Cu0.333333Mn0.333333Ni0.333333O2,12,950,0.9740052080953904,Successful,55.55
U00029,Na0.75Fe0.333333Mn0.333333Ni0.333333O2,12,950,0.8638643420109864,Successful,50.19
U00030,Na0.75Cu0.25Fe0.25Mn0.25Ni0.25O2,12,950,0.8407224958949097,Successful,53.22
U00031,Na0.5CuO2,12,950,-1.0,Unsuccessful,94.79
U00032,Na0.5FeO2,12,950,-1.0,Unsuccessful,95.46
U00033,Na0.5MnO2,12,950,0.7328453796889295,Successful,67.17
U00034,Na0.5NiO2,12,950,-1.0,Unsuccessful,97.81
U00035,Na0.5Cu0.5Fe0.5O2,12,950,-1.0,Unsuccessful,98.64
U00036,Na0.5Cu0.5Mn0.5O2,12,950,0.7383437717466944,Successful,63.3
U00037,Na0.5Cu0.5Ni0.5O2,12,950,-1.0,Unsuccessful,94.46
U00038,Na0.5Fe0.5Mn0.5O2,12,950,1.0,Successful,60.19
U00039,Na0.5Fe0.5Ni0.5O2,12,950,-1.0,Unsuccessful,93.11
U00040,Na0.5Mn0.5Ni0.5O2,12,950,0.8862876254180603,Successful,77.12
U00041,Na0.5Cu0.333333Fe0.333333Mn0.333333O2,12,950,1.0,Successful,55.0
U00042,Na0.5Cu0.333333Fe0.333333Ni0.333333O2,12,950,-1.0,Unsuccessful,95.69
U00043,Na0.5Cu0.333333Mn0.333333Ni0.333333O2,12,950,0.8693633952254642,Successful,73.08
U00044,Na0.5Fe0.333333Mn0.333333Ni0.333333O2,12,950,0.9912430507612368,Successful,61.48
U00045,Na0.5Cu0.25Fe0.25Mn0.25Ni0.25O2,12,950,0.9704966451571478,Successful,61.47
U00046,NaCuO2,6,950,-1.0,Unsuccessful,87.32
U00047,NaFeO2,6,950,-1.0,Unsuccessful,96.05
U00048,NaMnO2,6,950,1.0,Successful,10.92
U00049,NaNiO2,6,950,-1.0,Unsuccessful,95.34
U00050,NaCu0.5Fe0.5O2,6,950,-1.0,Unsuccessful,99.42
U00051,NaCu0.5Mn0.5O2,6,950,0.9975116124751162,Successful,38.73
U00052,NaCu0.5Ni0.5O2,6,950,-1.0,Unsuccessful,99.9
U00053,NaFe0.5Mn0.5O2,6,950,0.9764985476630578,Successful,25.0
U00054,NaFe0.5Ni0.5O2,6,950,0.3630136986301369,Successful,78.29
U00055,NaMn0.5Ni0.5O2,6,950,0.9910056640007778,Successful,45.52
U00056,NaCu0.333333Fe0.333333Mn0.333333O2,6,950,1.0,Successful,50.99
U00057,NaCu0.333333Fe0.333333Ni0.333333O2,6,950,-1.0,Unsuccessful,95.36
U00058,NaCu0.333333Mn0.333333Ni0.333333O2,6,950,0.9413702239789196,Successful,60.31
U00059,NaFe0.333333Mn0.333333Ni0.333333O2,6,950,0.3572110792741165,Successful,31.97
U00060,NaCu0.25Fe0.25Mn0.25Ni0.25O2,6,950,0.3946716232961586,Successful,42.02
U00061,Na0.75CuO2,6,950,-1.0,Unsuccessful,98.34
U00062,Na0.75FeO2,6,950,-1.0,Unsuccessful,98.49
U00063,Na0.75MnO2,6,950,1.0,Successful,18.99
U00064,Na0.75NiO2,6,950,-1.0,Unsuccessful,99.76
U00065,Na0.75Cu0.5Fe0.5O2,6,950,-1.0,Unsuccessful,95.87
U00066,Na0.75Cu0.5Mn0.5O2,6,950,0.9909234411996842,Successful,36.14
U00067,Na0.75Cu0.5Ni0.5O2,6,950,-1.0,Unsuccessful,98.68
U00068,Na0.75Fe0.5Mn0.5O2,6,950,0.9987205932269771,Successful,45.31
U00069,Na0.75Fe0.5Ni0.5O2,6,950,-1.0,Unsuccessful,85.07
U00070,Na0.75Mn0.5Ni0.5O2,6,950,0.974703737465816,Successful,42.82
U00071,Na0.75Cu0.333333Fe0.333333Mn0.333333O2,6,950,1.0,Successful,38.78
U00072,Na0.75Cu0.333333Fe0.333333Ni0.333333O2,6,950,-1.0,Unsuccessful,98.9
U00073,Na0.75Cu0.333333Mn0.333333Ni0.333333O2,6,950,0.9893302959157582,Successful,50.14
U00074,Na0.75Fe0.333333Mn0.333333Ni0.333333O2,6,950,0.7174165422797166,Successful,39.41
U00075,Na0.75Cu0.25Fe0.25Mn0.25Ni0.25O2,6,950,0.4236589530707179,Successful,47.27
U00076,Na0.5CuO2,6,950,-1.0,Unsuccessful,85.36
U00077,Na0.5FeO2,6,950,-1.0,Unsuccessful,96.33
U00078,Na0.5MnO2,6,950,0.7413793103448276,Successful,71.21
U00079,Na0.5NiO2,6,950,-1.0,Unsuccessful,98.83
U00080,Na0.5Cu0.5Fe0.5O2,6,950,-1.0,Unsuccessful,98.33
U00081,Na0.5Cu0.5Mn0.5O2,6,950,-1.0,Unsuccessful,99.51
U00082,Na0.5Cu0.5Ni0.5O2,6,950,-1.0,Unsuccessful,91.97
U00083,Na0.5Fe0.5Mn0.5O2,6,950,0.993093149150644,Successful,72.83
U00084,Na0.5Fe0.5Ni0.5O2,6,950,-1.0,Unsuccessful,92.11
U00085,Na0.5Mn0.5Ni0.5O2,6,950,0.9645368388871906,Successful,60.06
U00086,Na0.5Cu0.333333Fe0.333333Mn0.333333O2,6,950,1.0,Successful,47.75
U00087,Na0.5Cu0.333333Fe0.333333Ni0.333333O2,6,950,-1.0,Unsuccessful,95.64
U00088,Na0.5Cu0.333333Mn0.333333Ni0.333333O2,6,950,0.902439024390244,Successful,82.82
U00089,Na0.5Fe0.333333Mn0.333333Ni0.333333O2,6,950,0.9793317258008956,Successful,47.87
U00090,Na0.5Cu0.25Fe0.25Mn0.25Ni0.25O2,6,950,0.8895882507212169,Successful,59.01
U00091,NaCuO2,3,950,-1.0,Unsuccessful,94.91
U00092,NaFeO2,3,950,-1.0,Unsuccessful,97.51
U00093,NaMnO2,3,950,0.8545326774420239,Successful,2.65
U00094,NaNiO2,3,950,-1.0,Unsuccessful,98.64
U00095,NaCu0.5Fe0.5O2,3,950,-1.0,Unsuccessful,95.3
U00096,NaCu0.5Mn0.5O2,3,950,1.0,Successful,49.51
U00097,NaCu0.5Ni0.5O2,3,950,0.0118384401114206,Successful,78.33
U00098,NaFe0.5Mn0.5O2,3,950,0.3054375531011045,Successful,39.23
U00099,NaFe0.5Ni0.5O2,3,950,0.3357933579335793,Successful,81.02
U00100,NaMn0.5Ni0.5O2,3,950,0.9802933767965624,Successful,30.91
U00101,NaCu0.333333Fe0.333333Mn0.333333O2,3,950,0.3665201005025125,Successful,46.48
U00102,NaCu0.333333Fe0.333333Ni0.333333O2,3,950,-1.0,Unsuccessful,99.36
U00103,NaCu0.333333Mn0.333333Ni0.333333O2,3,950,0.951747088186356,Successful,57.29
U00104,NaFe0.333333Mn0.333333Ni0.333333O2,3,950,0.2481951219512194,Successful,29.16
U00105,NaCu0.25Fe0.25Mn0.25Ni0.25O2,3,950,0.6783448275862068,Successful,54.04
U00106,Na0.75CuO2,3,950,-1.0,Unsuccessful,97.0
U00107,Na0.75FeO2,3,950,-1.0,Unsuccessful,100.0
U00108,Na0.75MnO2,3,950,1.0,Successful,31.31
U00109,Na0.75NiO2,3,950,-1.0,Unsuccessful,99.92
U00110,Na0.75Cu0.5Fe0.5O2,3,950,-1.0,Unsuccessful,97.98
U00111,Na0.75Cu0.5Mn0.5O2,3,950,1.0,Successful,44.4
U00112,Na0.75Cu0.5Ni0.5O2,3,950,-1.0,Unsuccessful,91.81
U00113,Na0.75Fe0.5Mn0.5O2,3,950,1.0,Successful,38.46
U00114,Na0.75Fe0.5Ni0.5O2,3,950,0.2224094355518112,Successful,81.91
U00115,Na0.75Mn0.5Ni0.5O2,3,950,0.9777844043536604,Successful,29.77
U00116,Na0.75Cu0.333333Fe0.333333Mn0.333333O2,3,950,0.7245044527434645,Successful,37.38
U00117,Na0.75Cu0.333333Fe0.333333Ni0.333333O2,3,950,-1.0,Unsuccessful,94.11
U00118,Na0.75Cu0.333333Mn0.333333Ni0.333333O2,3,950,0.9839175257731958,Successful,47.95
U00119,Na0.75Fe0.333333Mn0.333333Ni0.333333O2,3,950,0.5881605691056911,Successful,37.0
U00120,Na0.75Cu0.25Fe0.25Mn0.25Ni0.25O2,3,950,-1.0,Unsuccessful,98.02
U00121,Na0.5CuO2,3,950,-1.0,Unsuccessful,96.06
U00122,Na0.5FeO2,3,950,-1.0,Unsuccessful,99.07
U00123,Na0.5MnO2,3,950,-1.0,Unsuccessful,100.0
U00124,Na0.5NiO2,3,950,-1.0,Unsuccessful,99.53
U00125,Na0.5Cu0.5Fe0.5O2,3,950,-1.0,Unsuccessful,98.77
U00126,Na0.5Cu0.5Mn0.5O2,3,950,0.9822251481237656,Successful,56.72
U00127,Na0.5Cu0.5Ni0.5O2,3,950,-1.0,Unsuccessful,96.66
U00128,Na0.5Fe0.5Mn0.5O2,3,950,0.9917355371900828,Successful,47.9
U00129,Na0.5Fe0.5Ni0.5O2,3,950,0.3784355179704017,Successful,80.02
U00130,Na0.5Mn0.5Ni0.5O2,3,950,-1.0,Unsuccessful,93.24
U00131,Na0.5Cu0.333333Fe0.333333Mn0.333333O2,3,950,0.981409759876065,Successful,77.47
U00132,Na0.5Cu0.333333Fe0.333333Ni0.333333O2,3,950,-1.0,Unsuccessful,94.23
U00133,Na0.5Cu0.333333Mn0.333333Ni0.333333O2,3,950,0.9005681818181819,Successful,68.55
U00134,Na0.5Fe0.333333Mn0.333333Ni0.333333O2,3,950,0.9943281511404904,Successful,55.91
U00135,Na0.5Cu0.25Fe0.25Mn0.25Ni0.25O2,3,950,0.872623684669496,Successful,53.54
U00136,NaMn0.666667Cu0.166667Fe0.166667O2,12,950,0.9947124917382684,Successful,14.53
U00137,NaNi0.666667Fe0.166667Cu0.166667O2,12,950,-1.0,Unsuccessful,98.83
U00138,NaMn0.666667Ni0.166667Cu0.166667O2,12,950,0.9965355967434608,Successful,13.57
U00139,NaMn0.666667Fe0.166667Ni0.166667O2,12,950,0.9971431204497282,Successful,16.92
U00140,NaFe0.666667Cu0.166667Mn0.166667O2,12,950,0.1901966303429973,Successful,51.93
U00141,NaFe0.666667Cu0.166667Ni0.166667O2,12,950,-1.0,Unsuccessful,99.4
U00142,NaNi0.666667Cu0.166667Mn0.166667O2,12,950,0.8888888888888888,Successful,83.72
U00143,NaFe0.666667Ni0.166667Mn0.166667O2,12,950,0.1881697385340762,Successful,53.31
U00144,NaCu0.666667Fe0.166667Mn0.166667O2,12,950,1.0,Successful,68.23
U00145,NaCu0.666667Ni0.166667Fe0.166667O2,12,950,-1.0,Unsuccessful,97.3
U00146,NaCu0.666667Ni0.166667Mn0.166667O2,12,950,0.8624917163684559,Successful,73.43
U00147,NaNi0.666667Fe0.166667Mn0.166667O2,12,950,-1.0,Unsuccessful,86.53
U00148,NaCu0.666667Ni0.111111Mn0.111111Fe0.111111O2,12,950,-1.0,Unsuccessful,89.25
U00149,NaFe0.666667Cu0.111111Mn0.111111Ni0.111111O2,12,950,0.1128484024473147,Successful,74.31
U00150,NaNi0.666667Fe0.111111Cu0.111111Mn0.111111O2,12,950,-1.0,Unsuccessful,90.76
U00151,NaMn0.666667Cu0.111111Fe0.111111Ni0.111111O2,12,950,0.9976186932579252,Successful,18.73
U00152,NaMn0.111111Cu0.296296Fe0.296296Ni0.296296O2,12,950,-1.0,Unsuccessful,96.86
U00153,NaNi0.111111Cu0.296296Fe0.296296Mn0.296296O2,12,950,0.7260130718954249,Successful,41.04
U00154,NaFe0.111111Mn0.296296Cu0.296296Ni0.296296O2,12,950,0.9780724120346762,Successful,54.92
U00155,NaCu0.111111Mn0.296296Fe0.296296Ni0.296296O2,12,950,0.8105117565698479,Successful,54.0
U00156,NaFe0.388889Ni0.388889Cu0.111111Mn0.111111O2,12,950,-1.0,Unsuccessful,96.39
U00157,NaCu0.388889Ni0.388889Fe0.111111Mn0.111111O2,12,950,-1.0,Unsuccessful,98.29
U00158,NaFe0.388889Mn0.388889Cu0.111111Ni0.111111O2,12,950,0.6374222043766312,Successful,20.33
U00159,NaCu0.388889Fe0.388889Mn0.111111Ni0.111111O2,12,950,0.2639405204460966,Successful,53.03
U00160,NaMn0.388889Ni0.388889Fe0.111111Cu0.111111O2,12,950,1.0,Successful,36.59
U00161,NaCu0.388889Mn0.388889Fe0.111111Ni0.111111O2,12,950,1.0,Successful,38.78
U00162,Na0.75Mn0.666667Cu0.166667Fe0.166667O2,12,950,0.9831302717900656,Successful,30.73
U00163,Na0.75Ni0.666667Fe0.166667Cu0.166667O2,12,950,-1.0,Unsuccessful,97.52
U00164,Na0.75Mn0.666667Ni0.166667Cu0.166667O2,12,950,0.8130322102924843,Successful,62.42
U00165,Na0.75Mn0.666667Fe0.166667Ni0.166667O2,12,950,0.99223925799735,Successful,17.33
U00166,Na0.75Fe0.666667Cu0.166667Mn0.166667O2,12,950,0.520927654070036,Successful,72.16
U00167,Na0.75Fe0.666667Cu0.166667Ni0.166667O2,12,950,-1.0,Unsuccessful,98.3
U00168,Na0.75Ni0.666667Cu0.166667Mn0.166667O2,12,950,-1.0,Unsuccessful,85.24
U00169,Na0.75Fe0.666667Ni0.166667Mn0.166667O2,12,950,-1.0,Unsuccessful,93.57
U00170,Na0.75Cu0.666667Fe0.166667Mn0.166667O2,12,950,1.0,Successful,68.57
U00171,Na0.75Cu0.666667Ni0.166667Fe0.166667O2,12,950,-1.0,Unsuccessful,99.04
U00172,Na0.75Cu0.666667Ni0.166667Mn0.166667O2,12,950,0.987292817679558,Successful,78.41
U00173,Na0.75Ni0.666667Fe0.166667Mn0.166667O2,12,950,-1.0,Unsuccessful,85.84
U00174,Na0.75Cu0.666667Ni0.111111Mn0.111111Fe0.111111O2,12,950,0.9819621645402552,Successful,79.96
U00175,Na0.75Fe0.666667Cu0.111111Mn0.111111Ni0.111111O2,12,950,0.1030708422012769,Successful,63.91
U00176,Na0.75Ni0.666667Fe0.111111Cu0.111111Mn0.111111O2,12,950,-1.0,Unsuccessful,87.12
U00177,Na0.75Mn0.666667Cu0.111111Fe0.111111Ni0.111111O2,12,950,0.9989021400748952,Successful,9.87
U00178,Na0.75Mn0.111111Cu0.296296Fe0.296296Ni0.296296O2,12,950,-1.0,Unsuccessful,92.39
U00179,Na0.75Ni0.111111Cu0.296296Fe0.296296Mn0.296296O2,12,950,0.7245841035120147,Successful,33.39
U00180,Na0.75Fe0.111111Mn0.296296Cu0.296296Ni0.296296O2,12,950,0.985200845665962,Successful,75.11
U00181,Na0.75Cu0.111111Mn0.296296Fe0.296296Ni0.296296O2,12,950,0.9493632504548212,Successful,52.48
U00182,Na0.75Fe0.388889Ni0.388889Cu0.111111Mn0.111111O2,12,950,0.3813163481953291,Successful,69.72
U00183,Na0.75Cu0.388889Ni0.388889Fe0.111111Mn0.111111O2,12,950,-1.0,Unsuccessful,99.26
U00184,Na0.75Fe0.388889Mn0.388889Cu0.111111Ni0.111111O2,12,950,1.0,Successful,31.02
U00185,Na0.75Cu0.388889Fe0.388889Mn0.111111Ni0.111111O2,12,950,0.6345177664974618,Successful,77.01
U00186,Na0.75Mn0.388889Ni0.388889Fe0.111111Cu0.111111O2,12,950,0.9679093005380476,Successful,42.04
U00187,Na0.75Cu0.388889Mn0.388889Fe0.111111Ni0.111111O2,12,950,1.0,Successful,35.65
U00188,Na0.5Mn0.666667Cu0.166667Fe0.166667O2,12,950,0.9385740402193784,Successful,45.78
U00189,Na0.5Ni0.666667Fe0.166667Cu0.166667O2,12,950,-1.0,Unsuccessful,97.94
U00190,Na0.5Mn0.666667Ni0.166667Cu0.166667O2,12,950,0.8733552631578947,Successful,72.84
U00191,Na0.5Mn0.666667Fe0.166667Ni0.166667O2,12,950,1.0,Successful,31.95
U00192,Na0.5Fe0.666667Cu0.166667Mn0.166667O2,12,950,0.2484699482136318,Successful,55.72
U00193,Na0.5Fe0.666667Cu0.166667Ni0.166667O2,12,950,-1.0,Unsuccessful,97.8
U00194,Na0.5Ni0.666667Cu0.166667Mn0.166667O2,12,950,0.365065502183406,Successful,76.92
U00195,Na0.5Fe0.666667Ni0.166667Mn0.166667O2,12,950,0.2552109811896288,Successful,59.31
U00196,Na0.5Cu0.666667Fe0.166667Mn0.166667O2,12,950,-1.0,Unsuccessful,94.8
U00197,Na0.5Cu0.666667Ni0.166667Fe0.166667O2,12,950,-1.0,Unsuccessful,100.0
U00198,Na0.5Cu0.666667Ni0.166667Mn0.166667O2,12,950,0.978227060653188,Successful,80.76
U00199,Na0.5Ni0.666667Fe0.166667Mn0.166667O2,12,950,-1.0,Unsuccessful,89.14
U00200,Na0.5Cu0.666667Ni0.111111Mn0.111111Fe0.111111O2,12,950,-1.0,Unsuccessful,88.84
U00201,Na0.5Fe0.666667Cu0.111111Mn0.111111Ni0.111111O2,12,950,0.2100406053894426,Successful,73.53
U00202,Na0.5Ni0.666667Fe0.111111Cu0.111111Mn0.111111O2,12,950,0.6808794137241838,Successful,83.32
U00203,Na0.5Mn0.666667Cu0.111111Fe0.111111Ni0.111111O2,12,950,0.9951219512195122,Successful,28.12
U00204,Na0.5Mn0.111111Cu0.296296Fe0.296296Ni0.296296O2,12,950,-1.0,Unsuccessful,96.98
U00205,Na0.5Ni0.111111Cu0.296296Fe0.296296Mn0.296296O2,12,950,1.0,Successful,51.17
U00206,Na0.5Fe0.111111Mn0.296296Cu0.296296Ni0.296296O2,12,950,0.9698412698412698,Successful,74.56
U00207,Na0.5Cu0.111111Mn0.296296Fe0.296296Ni0.296296O2,12,950,0.9922066895108712,Successful,53.66
U00208,Na0.5Fe0.388889Ni0.388889Cu0.111111Mn0.111111O2,12,950,0.1382124880968575,Successful,69.18
U00209,Na0.5Cu0.388889Ni0.388889Fe0.111111Mn0.111111O2,12,950,-1.0,Unsuccessful,100.0
U00210,Na0.5Fe0.388889Mn0.388889Cu0.111111Ni0.111111O2,12,950,1.0,Successful,38.02
U00211,Na0.5Cu0.388889Fe0.388889Mn0.111111Ni0.111111O2,12,950,-1.0,Unsuccessful,86.62
U00212,Na0.5Mn0.388889Ni0.388889Fe0.111111Cu0.111111O2,12,950,0.9900712281459098,Successful,59.23
U00213,Na0.5Cu0.388889Mn0.388889Fe0.111111Ni0.111111O2,12,950,0.9742857142857142,Successful,70.5
U00214,NaMn0.666667Cu0.166667Fe0.166667O2,6,950,0.991751269035533,Successful,17.09
U00215,NaNi0.666667Fe0.166667Cu0.166667O2,6,950,-1.0,Unsuccessful,97.68
U00216,NaMn0.666667Ni0.166667Cu0.166667O2,6,950,0.9934761026804708,Successful,15.44
U00217,NaMn0.666667Fe0.166667Ni0.166667O2,6,950,0.9984274099106636,Successful,8.15
U00218,NaFe0.666667Cu0.166667Mn0.166667O2,6,950,0.2038275733927907,Successful,40.45
U00219,NaFe0.666667Cu0.166667Ni0.166667O2,6,950,-1.0,Unsuccessful,93.17
U00220,NaNi0.666667Cu0.166667Mn0.166667O2,6,950,0.6156994047619048,Successful,72.82
U00221,NaFe0.666667Ni0.166667Mn0.166667O2,6,950,0.3246058558558559,Successful,40.38
U00222,NaCu0.666667Fe0.166667Mn0.166667O2,6,950,0.6788747346072186,Successful,67.61
U00223,NaCu0.666667Ni0.166667Fe0.166667O2,6,950,-1.0,Unsuccessful,98.25
U00224,NaCu0.666667Ni0.166667Mn0.166667O2,6,950,0.983480825958702,Successful,80.38
U00225,NaNi0.666667Fe0.166667Mn0.166667O2,6,950,0.8035847647498132,Successful,80.59
U00226,NaCu0.666667Ni0.111111Mn0.111111Fe0.111111O2,6,950,0.9706908583391486,Successful,81.71
U00227,NaFe0.666667Cu0.111111Mn0.111111Ni0.111111O2,6,950,0.143559718969555,Successful,36.17
U00228,NaNi0.666667Fe0.111111Cu0.111111Mn0.111111O2,6,950,0.1045098568728058,Successful,77.44
U00229,NaMn0.666667Cu0.111111Fe0.111111Ni0.111111O2,6,950,0.9937332139659802,Successful,26.88
U00230,NaMn0.111111Cu0.296296Fe0.296296Ni0.296296O2,6,950,-1.0,Unsuccessful,92.08
U00231,NaNi0.111111Cu0.296296Fe0.296296Mn0.296296O2,6,950,1.0,Successful,48.38
U00232,NaFe0.111111Mn0.296296Cu0.296296Ni0.296296O2,6,950,0.9732283464566928,Successful,74.22
U00233,NaCu0.111111Mn0.296296Fe0.296296Ni0.296296O2,6,950,0.9542283531677136,Successful,58.55
U00234,NaFe0.388889Ni0.388889Cu0.111111Mn0.111111O2,6,950,0.1675092686215032,Successful,78.02
U00235,NaCu0.388889Ni0.388889Fe0.111111Mn0.111111O2,6,950,-1.0,Unsuccessful,95.89
U00236,NaFe0.388889Mn0.388889Cu0.111111Ni0.111111O2,6,950,0.5681863035326624,Successful,20.29
U00237,NaCu0.388889Fe0.388889Mn0.111111Ni0.111111O2,6,950,0.4113687359760658,Successful,74.84
U00238,NaMn0.388889Ni0.388889Fe0.111111Cu0.111111O2,6,950,0.9484620418848168,Successful,35.04
U00239,NaCu0.388889Mn0.388889Fe0.111111Ni0.111111O2,6,950,0.6434599156118143,Successful,43.91
U00240,Na0.75Mn0.666667Cu0.166667Fe0.166667O2,6,950,0.9935145577480337,Successful,20.04
U00241,Na0.75Ni0.666667Fe0.166667Cu0.166667O2,6,950,-1.0,Unsuccessful,97.4
U00242,Na0.75Mn0.666667Ni0.166667Cu0.166667O2,6,950,0.982959268495428,Successful,8.18
U00243,Na0.75Mn0.666667Fe0.166667Ni0.166667O2,6,950,0.9914097653490016,Successful,20.48
U00244,Na0.75Fe0.666667Cu0.166667Mn0.166667O2,6,950,0.1714774951076321,Successful,41.08
U00245,Na0.75Fe0.666667Cu0.166667Ni0.166667O2,6,950,-1.0,Unsuccessful,89.35
U00246,Na0.75Ni0.666667Cu0.166667Mn0.166667O2,6,950,0.9563658099222953,Successful,80.41
U00247,Na0.75Fe0.666667Ni0.166667Mn0.166667O2,6,950,0.0880607643009731,Successful,33.42
U00248,Na0.75Cu0.666667Fe0.166667Mn0.166667O2,6,950,1.0,Successful,75.31
U00249,Na0.75Cu0.666667Ni0.166667Fe0.166667O2,6,950,-1.0,Unsuccessful,99.1
U00250,Na0.75Cu0.666667Ni0.166667Mn0.166667O2,6,950,1.0,Successful,78.21
U00251,Na0.75Ni0.666667Fe0.166667Mn0.166667O2,6,950,0.9359756097560976,Successful,80.53
U00252,Na0.75Cu0.666667Ni0.111111Mn0.111111Fe0.111111O2,6,950,-1.0,Unsuccessful,92.0
U00253,Na0.75Fe0.666667Cu0.111111Mn0.111111Ni0.111111O2,6,950,0.1297831483302889,Successful,50.08
U00254,Na0.75Ni0.666667Fe0.111111Cu0.111111Mn0.111111O2,6,950,-1.0,Unsuccessful,85.58
U00255,Na0.75Mn0.666667Cu0.111111Fe0.111111Ni0.111111O2,6,950,0.9699359290290784,Successful,33.83
U00256,Na0.75Mn0.111111Cu0.296296Fe0.296296Ni0.296296O2,6,950,-1.0,Unsuccessful,90.12
U00257,Na0.75Ni0.111111Cu0.296296Fe0.296296Mn0.296296O2,6,950,0.6452709080611667,Successful,30.99
U00258,Na0.75Fe0.111111Mn0.296296Cu0.296296Ni0.296296O2,6,950,0.9697251979506288,Successful,51.78
U00259,Na0.75Cu0.111111Mn0.296296Fe0.296296Ni0.296296O2,6,950,0.8740569668976135,Successful,50.79
U00260,Na0.75Fe0.388889Ni0.388889Cu0.111111Mn0.111111O2,6,950,0.2789373814041745,Successful,73.48
U00261,Na0.75Cu0.388889Ni0.388889Fe0.111111Mn0.111111O2,6,950,-1.0,Unsuccessful,90.1
U00262,Na0.75Fe0.388889Mn0.388889Cu0.111111Ni0.111111O2,6,950,0.7547711292868416,Successful,22.91
U00263,Na0.75Cu0.388889Fe0.388889Mn0.111111Ni0.111111O2,6,950,0.29308783579837,Successful,56.0
U00264,Na0.75Mn0.388889Ni0.388889Fe0.111111Cu0.111111O2,6,950,0.9781094527363184,Successful,45.97
U00265,Na0.75Cu0.388889Mn0.388889Fe0.111111Ni0.111111O2,6,950,1.0,Successful,29.42
U00266,Na0.5Mn0.666667Cu0.166667Fe0.166667O2,6,950,0.9582517938682324,Successful,64.97
U00267,Na0.5Ni0.666667Fe0.166667Cu0.166667O2,6,950,-1.0,Unsuccessful,97.47
U00268,Na0.5Mn0.666667Ni0.166667Cu0.166667O2,6,950,0.8854059609455293,Successful,75.09
U00269,Na0.5Mn0.666667Fe0.166667Ni0.166667O2,6,950,1.0,Successful,73.61
U00270,Na0.5Fe0.666667Cu0.166667Mn0.166667O2,6,950,0.3459337148941834,Successful,83.29
U00271,Na0.5Fe0.666667Cu0.166667Ni0.166667O2,6,950,-1.0,Unsuccessful,99.83
U00272,Na0.5Ni0.666667Cu0.166667Mn0.166667O2,6,950,0.6160458452722063,Successful,79.6
U00273,Na0.5Fe0.666667Ni0.166667Mn0.166667O2,6,950,0.2578083642138697,Successful,60.34
U00274,Na0.5Cu0.666667Fe0.166667Mn0.166667O2,6,950,-1.0,Unsuccessful,85.0
U00275,Na0.5Cu0.666667Ni0.166667Fe0.166667O2,6,950,-1.0,Unsuccessful,99.26
U00276,Na0.5Cu0.666667Ni0.166667Mn0.166667O2,6,950,1.0,Successful,84.9
U00277,Na0.5Ni0.666667Fe0.166667Mn0.166667O2,6,950,-1.0,Unsuccessful,85.94
U00278,Na0.5Cu0.666667Ni0.111111Mn0.111111Fe0.111111O2,6,950,-1.0,Unsuccessful,94.38
U00279,Na0.5Fe0.666667Cu0.111111Mn0.111111Ni0.111111O2,6,950,0.3099944577868095,Successful,76.45
U00280,Na0.5Ni0.666667Fe0.111111Cu0.111111Mn0.111111O2,6,950,-1.0,Unsuccessful,91.62
U00281,Na0.5Mn0.666667Cu0.111111Fe0.111111Ni0.111111O2,6,950,0.9757516973811832,Successful,48.98
U00282,Na0.5Mn0.111111Cu0.296296Fe0.296296Ni0.296296O2,6,950,-1.0,Unsuccessful,90.16
U00283,Na0.5Ni0.111111Cu0.296296Fe0.296296Mn0.296296O2,6,950,0.9367088607594936,Successful,71.61
U00284,Na0.5Fe0.111111Mn0.296296Cu0.296296Ni0.296296O2,6,950,0.9933503836317136,Successful,70.04
U00285,Na0.5Cu0.111111Mn0.296296Fe0.296296Ni0.296296O2,6,950,0.9882794186591656,Successful,73.72
U00286,Na0.5Fe0.388889Ni0.388889Cu0.111111Mn0.111111O2,6,950,0.2361567082512584,Successful,81.78
U00287,Na0.5Cu0.388889Ni0.388889Fe0.111111Mn0.111111O2,6,950,-1.0,Unsuccessful,93.71
U00288,Na0.5Fe0.388889Mn0.388889Cu0.111111Ni0.111111O2,6,950,0.9929308975377285,Successful,48.35
U00289,Na0.5Cu0.388889Fe0.388889Mn0.111111Ni0.111111O2,6,950,0.3671199011124845,Successful,80.5
U00290,Na0.5Mn0.388889Ni0.388889Fe0.111111Cu0.111111O2,6,950,0.9616087751371116,Successful,62.84
U00291,Na0.5Cu0.388889Mn0.388889Fe0.111111Ni0.111111O2,6,950,0.9852164427603628,Successful,51.98
U00292,NaMn0.666667Cu0.166667Fe0.166667O2,3,950,0.9939493846355582,Successful,22.77
U00293,NaNi0.666667Fe0.166667Cu0.166667O2,3,950,-1.0,Unsuccessful,94.6
U00294,NaMn0.666667Ni0.166667Cu0.166667O2,3,950,0.981596958174905,Successful,27.57
U00295,NaMn0.666667Fe0.166667Ni0.166667O2,3,950,0.9936652793795652,Successful,22.1
U00296,NaFe0.666667Cu0.166667Mn0.166667O2,3,950,0.2233468286099865,Successful,46.29
U00297,NaFe0.666667Cu0.166667Ni0.166667O2,3,950,-1.0,Unsuccessful,96.98
U00298,NaNi0.666667Cu0.166667Mn0.166667O2,3,950,0.7035175879396985,Successful,84.27
U00299,NaFe0.666667Ni0.166667Mn0.166667O2,3,950,0.173806275579809,Successful,40.15
U00300,NaCu0.666667Fe0.166667Mn0.166667O2,3,950,-1.0,Unsuccessful,88.91
U00301,NaCu0.666667Ni0.166667Fe0.166667O2,3,950,-1.0,Unsuccessful,95.87
U00302,NaCu0.666667Ni0.166667Mn0.166667O2,3,950,0.978643216080402,Successful,82.6
U00303,NaNi0.666667Fe0.166667Mn0.166667O2,3,950,0.2399375975039001,Successful,60.84
U00304,NaCu0.666667Ni0.111111Mn0.111111Fe0.111111O2,3,950,-1.0,Unsuccessful,96.98
U00305,NaFe0.666667Cu0.111111Mn0.111111Ni0.111111O2,3,950,0.1621073961499493,Successful,67.54
U00306,NaNi0.666667Fe0.111111Cu0.111111Mn0.111111O2,3,950,-1.0,Unsuccessful,85.96
U00307,NaMn0.666667Cu0.111111Fe0.111111Ni0.111111O2,3,950,0.9981991791607338,Successful,35.21
U00308,NaMn0.111111Cu0.296296Fe0.296296Ni0.296296O2,3,950,0.0357011409642988,Successful,60.31
U00309,NaNi0.111111Cu0.296296Fe0.296296Mn0.296296O2,3,950,-1.0,Unsuccessful,86.88
U00310,NaFe0.111111Mn0.296296Cu0.296296Ni0.296296O2,3,950,1.0,Successful,71.69
U00311,NaCu0.111111Mn0.296296Fe0.296296Ni0.296296O2,3,950,1.0,Successful,67.67
U00312,NaFe0.388889Ni0.388889Cu0.111111Mn0.111111O2,3,950,0.8864876664483737,Successful,51.11
U00313,NaCu0.388889Ni0.388889Fe0.111111Mn0.111111O2,3,950,-1.0,Unsuccessful,95.92
U00314,NaFe0.388889Mn0.388889Cu0.111111Ni0.111111O2,3,950,1.0,Successful,41.63
U00315,NaCu0.388889Fe0.388889Mn0.111111Ni0.111111O2,3,950,0.2484880531412141,Successful,59.15
U00316,NaMn0.388889Ni0.388889Fe0.111111Cu0.111111O2,3,950,0.9687917967008473,Successful,49.81
U00317,NaCu0.388889Mn0.388889Fe0.111111Ni0.111111O2,3,950,0.9326066450057646,Successful,65.87
U00318,Na0.75Mn0.666667Cu0.166667Fe0.166667O2,3,950,0.9940920473608712,Successful,26.06
U00319,Na0.75Ni0.666667Fe0.166667Cu0.166667O2,3,950,-1.0,Unsuccessful,93.0
U00320,Na0.75Mn0.666667Ni0.166667Cu0.166667O2,3,950,0.9964489732901034,Successful,11.89
U00321,Na0.75Mn0.666667Fe0.166667Ni0.166667O2,3,950,0.9995142936441854,Successful,13.38
U00322,Na0.75Fe0.666667Cu0.166667Mn0.166667O2,3,950,0.2143325117773687,Successful,38.46
U00323,Na0.75Fe0.666667Cu0.166667Ni0.166667O2,3,950,0.3352528793189784,Successful,84.95
U00324,Na0.75Ni0.666667Cu0.166667Mn0.166667O2,3,950,-1.0,Unsuccessful,85.88
U00325,Na0.75Fe0.666667Ni0.166667Mn0.166667O2,3,950,0.1752486834406085,Successful,35.03
U00326,Na0.75Cu0.666667Fe0.166667Mn0.166667O2,3,950,0.6053226211398444,Successful,62.26
U00327,Na0.75Cu0.666667Ni0.166667Fe0.166667O2,3,950,-1.0,Unsuccessful,100.0
U00328,Na0.75Cu0.666667Ni0.166667Mn0.166667O2,3,950,0.9810710987996306,Successful,79.13
U00329,Na0.75Ni0.666667Fe0.166667Mn0.166667O2,3,950,0.3287896592244418,Successful,71.34
U00330,Na0.75Cu0.666667Ni0.111111Mn0.111111Fe0.111111O2,3,950,0.4749433392092672,Successful,70.95
U00331,Na0.75Fe0.666667Cu0.111111Mn0.111111Ni0.111111O2,3,950,0.0889126941617568,Successful,41.06
U00332,Na0.75Ni0.666667Fe0.111111Cu0.111111Mn0.111111O2,3,950,0.7221350078492936,Successful,83.16
U00333,Na0.75Mn0.666667Cu0.111111Fe0.111111Ni0.111111O2,3,950,0.9979833830765508,Successful,10.82
U00334,Na0.75Mn0.111111Cu0.296296Fe0.296296Ni0.296296O2,3,950,0.243174061433447,Successful,71.87
U00335,Na0.75Ni0.111111Cu0.296296Fe0.296296Mn0.296296O2,3,950,0.1270434376459598,Successful,55.31
U00336,Na0.75Fe0.111111Mn0.296296Cu0.296296Ni0.296296O2,3,950,0.9624778761061948,Successful,61.28
U00337,Na0.75Cu0.111111Mn0.296296Fe0.296296Ni0.296296O2,3,950,0.3940860215053763,Successful,45.31
U00338,Na0.75Fe0.388889Ni0.388889Cu0.111111Mn0.111111O2,3,950,0.0570388971454927,Successful,60.73
U00339,Na0.75Cu0.388889Ni0.388889Fe0.111111Mn0.111111O2,3,950,-1.0,Unsuccessful,88.41
U00340,Na0.75Fe0.388889Mn0.388889Cu0.111111Ni0.111111O2,3,950,0.5902006809194528,Successful,19.99
U00341,Na0.75Cu0.388889Fe0.388889Mn0.111111Ni0.111111O2,3,950,0.097820823244552,Successful,56.3
U00342,Na0.75Mn0.388889Ni0.388889Fe0.111111Cu0.111111O2,3,950,0.8331403405531617,Successful,40.37
U00343,Na0.75Cu0.388889Mn0.388889Fe0.111111Ni0.111111O2,3,950,0.9809837264582192,Successful,61.02
U00344,Na0.5Mn0.666667Cu0.166667Fe0.166667O2,3,950,0.907103825136612,Successful,33.68
U00345,Na0.5Ni0.666667Fe0.166667Cu0.166667O2,3,950,-1.0,Unsuccessful,96.91
U00346,Na0.5Mn0.666667Ni0.166667Cu0.166667O2,3,950,0.9649045149867208,Successful,20.43
U00347,Na0.5Mn0.666667Fe0.166667Ni0.166667O2,3,950,1.0,Successful,29.79
U00348,Na0.5Fe0.666667Cu0.166667Mn0.166667O2,3,950,0.0935387343455613,Successful,39.49
U00349,Na0.5Fe0.666667Cu0.166667Ni0.166667O2,3,950,0.1695786228160329,Successful,81.15
U00350,Na0.5Ni0.666667Cu0.166667Mn0.166667O2,3,950,0.2864367816091954,Successful,75.35
U00351,Na0.5Fe0.666667Ni0.166667Mn0.166667O2,3,950,0.07152466367713,Successful,25.72
U00352,Na0.5Cu0.666667Fe0.166667Mn0.166667O2,3,950,0.5508112724167378,Successful,58.63
U00353,Na0.5Cu0.666667Ni0.166667Fe0.166667O2,3,950,-1.0,Unsuccessful,100.0
U00354,Na0.5Cu0.666667Ni0.166667Mn0.166667O2,3,950,0.6071514278857691,Successful,70.45
U00355,Na0.5Ni0.666667Fe0.166667Mn0.166667O2,3,950,0.5902060384681239,Successful,73.99
U00356,Na0.5Cu0.666667Ni0.111111Mn0.111111Fe0.111111O2,3,950,0.4049984944293887,Successful,73.1
U00357,Na0.5Fe0.666667Cu0.111111Mn0.111111Ni0.111111O2,3,950,0.0451233183856502,Successful,46.77
U00358,Na0.5Ni0.666667Fe0.111111Cu0.111111Mn0.111111O2,3,950,0.1703767123287671,Successful,82.28
U00359,Na0.5Mn0.666667Cu0.111111Fe0.111111Ni0.111111O2,3,950,0.9585621567648528,Successful,16.84
U00360,Na0.5Mn0.111111Cu0.296296Fe0.296296Ni0.296296O2,3,950,0.7740816082326193,Successful,80.6
U00361,Na0.5Ni0.111111Cu0.296296Fe0.296296Mn0.296296O2,3,950,0.306081353201772,Successful,28.33
U00362,Na0.5Fe0.111111Mn0.296296Cu0.296296Ni0.296296O2,3,950,0.531886285055705,Successful,46.24
U00363,Na0.5Cu0.111111Mn0.296296Fe0.296296Ni0.296296O2,3,950,0.3105423987776929,Successful,32.48
U00364,Na0.5Fe0.388889Ni0.388889Cu0.111111Mn0.111111O2,3,950,0.119678200199345,Successful,64.88
U00365,Na0.5Cu0.388889Ni0.388889Fe0.111111Mn0.111111O2,3,950,-1.0,Unsuccessful,88.61
U00366,Na0.5Fe0.388889Mn0.388889Cu0.111111Ni0.111111O2,3,950,0.2636117686844774,Successful,16.42
U00367,Na0.5Cu0.388889Fe0.388889Mn0.111111Ni0.111111O2,3,950,0.1407914764079147,Successful,49.99
U00368,Na0.5Mn0.388889Ni0.388889Fe0.111111Cu0.111111O2,3,950,0.7303664921465968,Successful,44.87
U00369,Na0.5Cu0.388889Mn0.388889Fe0.111111Ni0.111111O2,3,950,1.0,Successful,42.76
