uid,original_formula,adjusted_formula,impurity_percentage,p2_o3_ratio,rwp,flagged,background_removal,threshold_for_multi_val,dedupe_by_spacegroup,error
U00001,NaCuO2,NaCuO2,94.92,0.1433691756272401,8.17,{},False,2.1,False,
U00002,NaFeO2,NaFeO2,100.0,-1,34.66,{},False,2.1,False,
U00003,NaMnO2,NaMnO2,9.13,1,21.42,{},False,2.1,False,
U00004,NaNiO2,NaNiO2,97.89,0,11.08,{},False,2.1,False,
U00005,NaCu0.5Fe0.5O2,NaCu0.500646Fe0.499354O2,99.56,0.8857142857142857,10.13,{},False,2.1,False,
U00006,NaCu0.5Mn0.5O2,NaCu0.275073Mn0.724927O2,43.56,1,9.76,{},False,2.1,False,
U00007,NaCu0.5Ni0.5O2,NaCu0.935158Ni0.064842O2,99.41,0.18712955122777306,7.01,{},False,2.1,False,
U00008,NaFe0.5Mn0.5O2,NaFe0.497381Mn0.502619O2,63.63,0.9976057462090981,16.25,{},False,2.1,False,
U00009,NaFe0.5Ni0.5O2,NaFe0.013559Ni0.986441O2,87.61,0.2763845350052247,13.63,{},False,2.1,False,
U00010,NaMn0.5Ni0.5O2,NaMn0.736534Ni0.263466O2,31.24,0.9781987133666904,10.17,{},False,2.1,False,
U00011,NaCu0.333333Fe0.333333Mn0.333333O2,NaCu0.250091Fe0.523806Mn0.226103O2,41.06,0.6271428571428572,12.83,{},False,2.1,False,
U00012,NaCu0.333333Fe0.333333Ni0.333333O2,,99.03,0.9971751412429379,9.3,"{""Cu"": 0.4150721445013839, ""Fe"": 0.4674638581417287, ""Ni"": 0.3778640208005901}",True,3,True,
U00013,NaCu0.333333Mn0.333333Ni0.333333O2,NaCu0.3296Mn0.63802Ni0.03238O2,56.44,0.9807026224641266,8.03,{},True,2.1,False,
U00014,NaFe0.333333Mn0.333333Ni0.333333O2,NaFe0.04303Mn0.518076Ni0.438894O2,71.18,0.9316434064369126,16.16,{},False,3,False,
U00015,NaCu0.25Fe0.25Mn0.25Ni0.25O2,NaCu0.218298Fe0.535474Mn0.141456Ni0.104772O2,56.55,0.7713266299059358,8.82,{},False,2.1,False,
U00016,Na0.75CuO2,Na0.75CuO2,95.69,0,6.8,{},False,2.1,False,
U00017,Na0.75FeO2,Na0.75FeO2,99.61,1,41.03,{},False,2.1,True,
U00018,Na0.75MnO2,Na0.75MnO2,7.96,1,31.46,{},False,2.1,False,
U00019,Na0.75NiO2,Na0.75NiO2,98.97,0,10.21,{},False,2.1,False,
U00020,Na0.75Cu0.5Fe0.5O2,Na0.75Cu0.25936Fe0.74064O2,97.73,0.1312741312741313,10.43,{},True,3,False,
U00021,Na0.75Cu0.5Mn0.5O2,Na0.75Cu0.132539Mn0.867461O2,42.48,1,6.84,{},False,2.1,False,
U00022,Na0.75Cu0.5Ni0.5O2,Na0.75Cu0.572216Ni0.427784O2,100.0,-1,7.49,{},False,2.1,False,
U00023,Na0.75Fe0.5Mn0.5O2,Na0.75Fe0.478742Mn0.521258O2,67.64,0.9573675496688742,16.7,{},False,2.1,False,
U00024,Na0.75Fe0.5Ni0.5O2,Na0.75Fe0.391057Ni0.608943O2,86.55,0.015510948905109493,19.36,{},False,2.1,False,
U00025,Na0.75Mn0.5Ni0.5O2,Na0.75Mn0.879347Ni0.120653O2,68.01,0.9942153231511923,13.6,{},False,3,False,
U00026,Na0.75Cu0.333333Fe0.333333Mn0.333333O2,Na0.75Cu0.175076Fe0.443341Mn0.381583O2,37.73,1,23.62,{},False,2.1,False,
U00027,Na0.75Cu0.333333Fe0.333333Ni0.333333O2,Na0.75Cu0.441686Fe0.228912Ni0.329402O2,98.43,0.020944958597174868,6.23,{},False,2.1,False,
U00028,Na0.75Cu0.333333Mn0.333333Ni0.333333O2,Na0.75Cu0.18061Mn0.784812Ni0.034578O2,55.55,0.9740052080953904,6.83,{},False,2.1,False,
U00029,Na0.75Fe0.333333Mn0.333333Ni0.333333O2,Na0.75Fe0.241843Mn0.523133Ni0.235024O2,50.19,0.8638643420109864,16.15,{},False,2.1,False,
U00030,Na0.75Cu0.25Fe0.25Mn0.25Ni0.25O2,Na0.75Cu0.361458Fe0.4716Mn0.010816Ni0.156125O2,53.22,0.8407224958949097,15.48,{},False,2.1,False,
U00031,Na0.5CuO2,Na0.5CuO2,94.79,0.32503276539973786,8.2,{},False,2.1,False,
U00032,Na0.5FeO2,Na0.5FeO2,95.46,0.25032594524119944,45.75,{},False,3,False,
U00033,Na0.5MnO2,Na0.5MnO2,67.17,0.7328453796889295,41.83,{},False,2.1,False,
U00034,Na0.5NiO2,,97.81,0,7.78,"{""Ni"": 1.1394720175340962}",True,3,True,
U00035,Na0.5Cu0.5Fe0.5O2,Na0.5Cu0.431487Fe0.568513O2,98.64,0.7666666666666667,9.64,{},True,2.1,False,
U00036,Na0.5Cu0.5Mn0.5O2,Na0.5Cu0.410276Mn0.589724O2,63.3,0.7383437717466944,10.45,{},False,2.1,False,
U00037,Na0.5Cu0.5Ni0.5O2,Na0.5Cu0.5Ni0.5O2,94.46,0.18384401114206128,8.12,{},False,2.1,False,
U00038,Na0.5Fe0.5Mn0.5O2,Na0.5Fe0.588405Mn0.411595O2,60.19,1,15.5,{},False,2.1,False,
U00039,Na0.5Fe0.5Ni0.5O2,Na0.5Fe0.448738Ni0.551262O2,93.11,0,17.36,{},False,2.1,False,
U00040,Na0.5Mn0.5Ni0.5O2,Na0.5Mn0.653525Ni0.346475O2,77.12,0.8862876254180603,9.1,{},False,2.1,False,
U00041,Na0.5Cu0.333333Fe0.333333Mn0.333333O2,Na0.5Cu0.278119Fe0.173047Mn0.548834O2,55.0,1,10.91,{},False,2.1,False,
U00042,Na0.5Cu0.333333Fe0.333333Ni0.333333O2,Na0.5Cu0.840766Fe0.0231Ni0.136134O2,95.69,0.2309753483386924,6.45,{},False,2.1,False,
U00043,Na0.5Cu0.333333Mn0.333333Ni0.333333O2,Na0.5Cu0.735815Mn0.225494Ni0.038691O2,73.08,0.8693633952254642,9.99,{},False,3,False,
U00044,Na0.5Fe0.333333Mn0.333333Ni0.333333O2,Na0.5Fe0.016851Mn0.719142Ni0.264007O2,61.48,0.9912430507612369,10.06,{},False,2.1,False,
U00045,Na0.5Cu0.25Fe0.25Mn0.25Ni0.25O2,Na0.5Cu0.226743Fe0.330063Mn0.350319Ni0.092874O2,61.47,0.9704966451571478,7.9,{},False,2.1,False,
U00046,NaCuO2,NaCuO2,87.32,0.3403944485025566,11.42,{},False,2.1,False,
U00047,NaFeO2,NaFeO2,96.05,0.19387755102040818,41.95,{},False,2.1,False,
U00048,NaMnO2,NaMnO2,10.92,1,30.55,{},False,2.1,False,
U00049,NaNiO2,NaNiO2,95.34,0.031123139377537214,9.82,{},False,3,False,
U00050,NaCu0.5Fe0.5O2,NaCu0.503258Fe0.496742O2,99.42,0.38738738738738737,10.46,{},False,3,False,
U00051,NaCu0.5Mn0.5O2,NaCu0.371444Mn0.628556O2,38.73,0.9975116124751162,15.83,{},False,2.1,False,
U00052,NaCu0.5Ni0.5O2,NaCu0.570845Ni0.429155O2,99.9,0,6.95,{},False,2.1,False,
U00053,NaFe0.5Mn0.5O2,NaFe0.510259Mn0.489741O2,25.0,0.9764985476630578,23.93,{},False,2.1,False,
U00054,NaFe0.5Ni0.5O2,NaFe0.61655Ni0.38345O2,78.29,0.36301369863013694,16.4,{},False,2.1,False,
U00055,NaMn0.5Ni0.5O2,NaMn0.771647Ni0.228353O2,45.52,0.9910056640007778,9.19,{},False,2.1,False,
U00056,NaCu0.333333Fe0.333333Mn0.333333O2,NaCu0.341305Fe0.406438Mn0.252257O2,50.99,1,11.66,{},False,2.1,False,
U00057,NaCu0.333333Fe0.333333Ni0.333333O2,NaCu0.511807Fe0.054964Ni0.433229O2,95.36,0.3108177610149151,8.42,{},False,2.1,False,
U00058,NaCu0.333333Mn0.333333Ni0.333333O2,NaCu0.220266Mn0.598146Ni0.181588O2,60.31,0.9413702239789196,8.09,{},False,2.1,False,
U00059,NaFe0.333333Mn0.333333Ni0.333333O2,NaFe0.358693Mn0.433667Ni0.20764O2,31.97,0.35721107927411655,15.35,{},False,2.1,False,
U00060,NaCu0.25Fe0.25Mn0.25Ni0.25O2,NaCu0.149097Fe0.383834Mn0.23265Ni0.234419O2,42.02,0.3946716232961586,8.47,{},False,2.1,False,
U00061,Na0.75CuO2,Na0.75CuO2,98.34,0.8162544169611308,6.43,{},False,2.1,False,
U00062,Na0.75FeO2,Na0.75FeO2,98.49,0,12.2,{},False,2.1,False,
U00063,Na0.75MnO2,Na0.75MnO2,18.99,1,34.83,{},False,2.1,False,
U00064,Na0.75NiO2,Na0.75NiO2,99.76,0,9.91,{},False,2.1,False,
U00065,Na0.75Cu0.5Fe0.5O2,Na0.75Cu0.602136Fe0.397864O2,95.87,0.6078431372549019,8.91,{},False,2.1,False,
U00066,Na0.75Cu0.5Mn0.5O2,Na0.75Cu0.152237Mn0.847763O2,36.14,0.9909234411996842,7.21,{},False,2.1,False,
U00067,Na0.75Cu0.5Ni0.5O2,Na0.75Cu0.776482Ni0.223518O2,98.68,0.1656077933079204,7.29,{},False,2.1,False,
U00068,Na0.75Fe0.5Mn0.5O2,Na0.75Fe0.442363Mn0.557637O2,45.31,0.9987205932269773,22.29,{},False,2.1,False,
U00069,Na0.75Fe0.5Ni0.5O2,Na0.75Fe0.420294Ni0.579706O2,85.07,0.05517241379310345,18.39,{},False,2.1,False,
U00070,Na0.75Mn0.5Ni0.5O2,Na0.75Mn0.750202Ni0.249798O2,42.82,0.974703737465816,9.4,{},False,2.1,False,
U00071,Na0.75Cu0.333333Fe0.333333Mn0.333333O2,Na0.75Cu0.221917Fe0.41759Mn0.360493O2,38.78,1,20.91,{},False,2.1,False,
U00072,Na0.75Cu0.333333Fe0.333333Ni0.333333O2,,98.9,1,6.15,"{""Cu"": 0.3590260684423586, ""Fe"": 0.572442529311033}",True,3,True,
U00073,Na0.75Cu0.333333Mn0.333333Ni0.333333O2,Na0.75Cu0.145459Mn0.725931Ni0.12861O2,50.14,0.9893302959157582,7.29,{},False,2.1,False,
U00074,Na0.75Fe0.333333Mn0.333333Ni0.333333O2,Na0.75Fe0.243659Mn0.538915Ni0.217426O2,39.41,0.7174165422797166,12.41,{},False,2.1,False,
U00075,Na0.75Cu0.25Fe0.25Mn0.25Ni0.25O2,Na0.75Cu0.116208Fe0.434895Mn0.329143Ni0.119754O2,47.27,0.4236589530707179,8.02,{},False,2.1,False,
U00076,Na0.5CuO2,Na0.5CuO2,85.36,0.5822704081632654,11.75,{},False,2.1,False,
U00077,Na0.5FeO2,Na0.5FeO2,96.33,0,10.22,{},False,2.1,False,
U00078,Na0.5MnO2,Na0.5MnO2,71.21,0.7413793103448276,47.86,{},False,2.1,False,
U00079,Na0.5NiO2,,98.83,0.5935828877005348,10.58,"{""Ni"": 1.2404879793154442}",True,3,True,
U00080,Na0.5Cu0.5Fe0.5O2,Na0.5Cu0.856179Fe0.143821O2,98.33,1,9.09,{},False,2.1,False,
U00081,Na0.5Cu0.5Mn0.5O2,,99.51,1,4.61,"{""Mn"": 1.1600465393916077}",True,3,True,
U00082,Na0.5Cu0.5Ni0.5O2,,91.97,0.48657187993680884,7.88,"{""Ni"": 0.9423679387906957}",True,3,True,
U00083,Na0.5Fe0.5Mn0.5O2,Na0.5Fe0.711704Mn0.288296O2,72.83,0.993093149150644,24.32,{},False,2.1,False,
U00084,Na0.5Fe0.5Ni0.5O2,,92.11,0.10918544194107455,13.72,"{""Fe"": 0.7864957607802735}",True,3,True,
U00085,Na0.5Mn0.5Ni0.5O2,Na0.5Mn0.838499Ni0.161501O2,60.06,0.9645368388871906,9.87,{},False,2.1,False,
U00086,Na0.5Cu0.333333Fe0.333333Mn0.333333O2,Na0.5Cu0.178922Fe0.513035Mn0.308043O2,47.75,1,8.85,{},False,2.1,False,
U00087,Na0.5Cu0.333333Fe0.333333Ni0.333333O2,,95.64,1,6.08,"{""Cu"": 0.5159770277523359, ""Fe"": 0.38029254797480366}",True,3,True,
U00088,Na0.5Cu0.333333Mn0.333333Ni0.333333O2,,82.82,0.9024390243902439,14.15,"{""Mn"": 0.4520254536272679}",True,3,True,
U00089,Na0.5Fe0.333333Mn0.333333Ni0.333333O2,Na0.5Fe0.05955Mn0.724735Ni0.215715O2,47.87,0.9793317258008957,10.38,{},False,2.1,False,
U00090,Na0.5Cu0.25Fe0.25Mn0.25Ni0.25O2,Na0.5Cu0.149718Fe0.391032Mn0.293434Ni0.165817O2,59.01,0.8895882507212169,7.21,{},False,2.1,False,
U00091,NaCuO2,NaCuO2,94.91,0,6.71,{},False,2.1,False,
U00092,NaFeO2,NaFeO2,97.51,0.0339622641509434,15.91,{},False,2.1,False,
U00093,NaMnO2,NaMnO2,2.65,0.8545326774420239,29.16,{},False,2.1,False,
U00094,NaNiO2,NaNiO2,98.64,0.011748445058742226,8.9,{},False,2.1,False,
U00095,NaCu0.5Fe0.5O2,NaCu0.099717Fe0.900283O2,95.3,0.5387371249440215,11.16,{},True,3,False,
U00096,NaCu0.5Mn0.5O2,NaCu0.420626Mn0.579374O2,49.51,1,11.89,{},False,2.1,False,
U00097,NaCu0.5Ni0.5O2,,78.33,0.011838440111420614,8.4,"{""Ni"": 0.796704845481532}",True,3,True,
U00098,NaFe0.5Mn0.5O2,NaFe0.50599Mn0.49401O2,39.23,0.30543755310110454,41.55,{},False,2.1,False,
U00099,NaFe0.5Ni0.5O2,NaFe0.602288Ni0.397712O2,81.02,0.33579335793357934,16.11,{},False,2.1,False,
U00100,NaMn0.5Ni0.5O2,NaMn0.668512Ni0.331488O2,30.91,0.9802933767965624,13.8,{},False,2.1,False,
U00101,NaCu0.333333Fe0.333333Mn0.333333O2,NaCu0.296127Fe0.391777Mn0.312096O2,46.48,0.36652010050251255,9.72,{},False,2.1,False,
U00102,NaCu0.333333Fe0.333333Ni0.333333O2,NaCu0.552361Fe0.069522Ni0.378117O2,99.36,1,7.77,{},False,2.1,False,
U00103,NaCu0.333333Mn0.333333Ni0.333333O2,NaCu0.004538Mn0.788297Ni0.207165O2,57.29,0.9517470881863561,6.82,{},False,2.1,False,
U00104,NaFe0.333333Mn0.333333Ni0.333333O2,NaFe0.317872Mn0.433513Ni0.248615O2,29.16,0.24819512195121946,14.34,{},False,2.1,False,
U00105,NaCu0.25Fe0.25Mn0.25Ni0.25O2,NaCu0.24024Fe0.302667Mn0.158165Ni0.298928O2,54.04,0.6783448275862068,8.06,{},False,2.1,False,
U00106,Na0.75CuO2,Na0.75CuO2,97.0,0,6.86,{},False,2.1,False,
U00107,Na0.75FeO2,Na0.75FeO2,100.0,-1,11.21,{},False,2.1,False,
U00108,Na0.75MnO2,Na0.75MnO2,31.31,1,18.86,{},False,2.1,False,
U00109,Na0.75NiO2,Na0.75NiO2,99.92,0,10.01,{},False,2.1,False,
U00110,Na0.75Cu0.5Fe0.5O2,Na0.75Cu0.021814Fe0.978186O2,97.98,1,9.77,{},True,2.1,False,
U00111,Na0.75Cu0.5Mn0.5O2,Na0.75Cu0.26266Mn0.73734O2,44.4,1,7.41,{},False,2.1,False,
U00112,Na0.75Cu0.5Ni0.5O2,,91.81,0.6407914764079147,9.21,"{""Ni"": 0.9885179705598367}",True,3,True,
U00113,Na0.75Fe0.5Mn0.5O2,Na0.75Fe0.571653Mn0.428347O2,38.46,1,29.71,{},False,2.1,False,
U00114,Na0.75Fe0.5Ni0.5O2,Na0.75Fe0.027817Ni0.972183O2,81.91,0.22240943555181128,20.46,{},False,2.1,False,
U00115,Na0.75Mn0.5Ni0.5O2,Na0.75Mn0.672653Ni0.327347O2,29.77,0.9777844043536603,11.09,{},False,2.1,False,
U00116,Na0.75Cu0.333333Fe0.333333Mn0.333333O2,Na0.75Cu0.076436Fe0.500234Mn0.42333O2,37.38,0.7245044527434645,10.68,{},False,2.1,False,
U00117,Na0.75Cu0.333333Fe0.333333Ni0.333333O2,Na0.75Cu0.427582Fe0.286841Ni0.285577O2,94.11,0.2528645424580129,7.16,{},False,2.1,False,
U00118,Na0.75Cu0.333333Mn0.333333Ni0.333333O2,Na0.75Cu0.036724Mn0.765854Ni0.197422O2,47.95,0.9839175257731958,6.56,{},False,2.1,False,
U00119,Na0.75Fe0.333333Mn0.333333Ni0.333333O2,Na0.75Fe0.165224Mn0.543419Ni0.291357O2,37.0,0.5881605691056911,11.11,{},False,2.1,False,
U00120,Na0.75Cu0.25Fe0.25Mn0.25Ni0.25O2,Na0.75Cu0.353181Fe0.023588Mn0.329409Ni0.293821O2,98.02,0.21702127659574466,8.09,{},False,3,True,
U00121,Na0.5CuO2,Na0.5CuO2,96.06,0,6.86,{},False,2.1,False,
U00122,Na0.5FeO2,Na0.5FeO2,99.07,1,26.34,{},False,2.1,False,
U00123,Na0.5MnO2,Na0.5MnO2,100.0,-1,5.46,{},False,2.1,False,
U00124,Na0.5NiO2,,99.53,0.08333333333333333,7.11,"{""Ni"": 1.3094993795516865}",True,3,True,
U00125,Na0.5Cu0.5Fe0.5O2,Na0.5Cu0.673423Fe0.326577O2,98.77,0,8.21,{},True,2.1,False,
U00126,Na0.5Cu0.5Mn0.5O2,Na0.5Cu0.294796Mn0.705204O2,56.72,0.9822251481237656,7.15,{},False,2.1,False,
U00127,Na0.5Cu0.5Ni0.5O2,,96.66,0,9.12,"{""Ni"": 0.9863539431977739}",True,3,True,
U00128,Na0.5Fe0.5Mn0.5O2,Na0.5Fe0.523517Mn0.476483O2,47.9,0.9917355371900827,23.74,{},False,2.1,False,
U00129,Na0.5Fe0.5Ni0.5O2,Na0.5Fe0.287826Ni0.712174O2,80.02,0.37843551797040176,19.06,{},False,2.1,False,
U00130,Na0.5Mn0.5Ni0.5O2,Na0.5Mn0.828674Ni0.171326O2,93.24,0.9469061097013468,9.83,{},False,2.1,False,
U00131,Na0.5Cu0.333333Fe0.333333Mn0.333333O2,Na0.5Cu0.045192Fe0.254326Mn0.700482O2,77.47,0.981409759876065,7.2,{},False,3,False,
U00132,Na0.5Cu0.333333Fe0.333333Ni0.333333O2,Na0.5Cu0.251439Fe0.083677Ni0.664884O2,94.23,0.18059299191374661,7.33,{},False,2.1,True,
U00133,Na0.5Cu0.333333Mn0.333333Ni0.333333O2,Na0.5Cu0.660563Mn0.154362Ni0.185075O2,68.55,0.9005681818181819,6.15,{},False,2.1,False,
U00134,Na0.5Fe0.333333Mn0.333333Ni0.333333O2,Na0.5Fe0.236937Mn0.527872Ni0.235191O2,55.91,0.9943281511404904,12.75,{},False,2.1,False,
U00135,Na0.5Cu0.25Fe0.25Mn0.25Ni0.25O2,Na0.5Cu0.111536Fe0.400211Mn0.446165Ni0.042088O2,53.54,0.872623684669496,7.1,{},False,2.1,False,
U00136,NaMn0.666667Cu0.166667Fe0.166667O2,NaCu0.13985Fe0.154772Mn0.705378O2,14.53,0.9947124917382683,15.4,{},False,2.1,False,
U00137,NaNi0.666667Fe0.166667Cu0.166667O2,,98.83,0.7200622083981337,7.72,"{""Fe"": 0.32825639396850187, ""Ni"": 1.1511977285526116}",True,3,True,
U00138,NaMn0.666667Ni0.166667Cu0.166667O2,NaCu0.124589Mn0.704963Ni0.170448O2,13.57,0.9965355967434609,11.33,{},False,2.1,False,
U00139,NaMn0.666667Fe0.166667Ni0.166667O2,NaFe0.180588Mn0.638824Ni0.180588O2,16.92,0.9971431204497282,13.52,{},False,2.1,False,
U00140,NaFe0.666667Cu0.166667Mn0.166667O2,NaCu0.050175Fe0.855502Mn0.094323O2,51.93,0.1901966303429973,12.27,{},False,2.1,False,
U00141,NaFe0.666667Cu0.166667Ni0.166667O2,NaCu0.351864Fe0.296272Ni0.351864O2,99.4,0,6.45,{},False,2.1,False,
U00142,NaNi0.666667Cu0.166667Mn0.166667O2,NaCu0.693277Mn0.160652Ni0.146071O2,83.72,0.8888888888888888,7.62,{},False,3,False,
U00143,NaFe0.666667Ni0.166667Mn0.166667O2,NaFe0.651675Mn0.146033Ni0.202291O2,53.31,0.18816973853407626,14.92,{},False,2.1,False,
U00144,NaCu0.666667Fe0.166667Mn0.166667O2,NaCu0.825996Fe0.090085Mn0.08392O2,68.23,1,10.26,{},False,2.1,True,
U00145,NaCu0.666667Ni0.166667Fe0.166667O2,NaCu0.767784Fe0.017152Ni0.215064O2,97.3,0.5161290322580646,3.29,{},True,2.1,True,
U00146,NaCu0.666667Ni0.166667Mn0.166667O2,NaCu0.058357Mn0.552372Ni0.389271O2,73.43,0.8624917163684559,5.5,{},False,2.1,False,
U00147,NaNi0.666667Fe0.166667Mn0.166667O2,,86.53,0.5666529096161783,8.64,"{""Ni"": 0.9974652292280931}",True,3,True,
U00148,NaCu0.666667Ni0.111111Mn0.111111Fe0.111111O2,,89.25,1,6.06,"{""Fe"": 0.21928066140939068, ""Mn"": 0.22049485924360213}",True,3,True,
U00149,NaFe0.666667Cu0.111111Mn0.111111Ni0.111111O2,NaCu0.148828Fe0.741551Mn0.014045Ni0.095576O2,74.31,0.11284840244731476,10.92,{},False,2.1,False,
U00150,NaNi0.666667Fe0.111111Cu0.111111Mn0.111111O2,,90.76,0.9663865546218487,9.31,"{""Ni"": 1.097008555914727}",True,3,True,
U00151,NaMn0.666667Cu0.111111Fe0.111111Ni0.111111O2,NaCu0.11884Fe0.11884Mn0.643479Ni0.11884O2,18.73,0.9976186932579252,23.98,{},False,2.1,False,
U00152,NaMn0.111111Cu0.296296Fe0.296296Ni0.296296O2,,96.86,0.6752136752136751,6.68,"{""Fe"": 0.3403327681227528, ""Mn"": 0.43418514255854435}",True,3,True,
U00153,NaNi0.111111Cu0.296296Fe0.296296Mn0.296296O2,NaCu0.098627Fe0.509693Mn0.251949Ni0.139732O2,41.04,0.7260130718954249,12.17,{},False,2.1,False,
U00154,NaFe0.111111Mn0.296296Cu0.296296Ni0.296296O2,NaCu0.23941Fe0.180675Mn0.46362Ni0.116295O2,54.92,0.9780724120346762,7.2,{},False,2.1,False,
U00155,NaCu0.111111Mn0.296296Fe0.296296Ni0.296296O2,NaCu0.179418Fe0.334696Mn0.402934Ni0.082952O2,54.0,0.8105117565698479,11.55,{},False,2.1,False,
U00156,NaFe0.388889Ni0.388889Cu0.111111Mn0.111111O2,,96.39,0.6956889264581572,8.5,"{""Cu"": 0.2556848389083194, ""Fe"": 0.5656600359755005, ""Mn"": 0.1331202488328693}",True,3,True,
U00157,NaCu0.388889Ni0.388889Fe0.111111Mn0.111111O2,,98.29,0.6515151515151515,5.09,"{""Fe"": 0.23213533490221638, ""Ni"": 0.4868750414488593, ""Mn"": 0.3806602009064856}",True,3,True,
U00158,NaFe0.388889Mn0.388889Cu0.111111Ni0.111111O2,NaCu0.08275Fe0.41605Mn0.378372Ni0.122828O2,20.33,0.6374222043766312,21.17,{},False,2.1,False,
U00159,NaCu0.388889Fe0.388889Mn0.111111Ni0.111111O2,NaCu0.109544Fe0.56649Mn0.077266Ni0.2467O2,53.03,0.26394052044609667,8.39,{},False,3,False,
U00160,NaMn0.388889Ni0.388889Fe0.111111Cu0.111111O2,NaCu0.175806Fe0.175806Mn0.557813Ni0.090575O2,36.59,1,10.64,{},False,2.1,False,
U00161,NaCu0.388889Mn0.388889Fe0.111111Ni0.111111O2,NaCu0.145369Fe0.174654Mn0.505324Ni0.174654O2,38.78,1,10.29,{},False,2.1,False,
U00162,Na0.75Mn0.666667Cu0.166667Fe0.166667O2,Na0.75Cu0.131324Fe0.014844Mn0.853832O2,30.73,0.9831302717900655,14.85,{},False,2.1,False,
U00163,Na0.75Ni0.666667Fe0.166667Cu0.166667O2,,97.52,0.35,6.97,"{""Ni"": 1.21336399587969}",True,3,True,
U00164,Na0.75Mn0.666667Ni0.166667Cu0.166667O2,Na0.75Cu0.639347Mn0.182482Ni0.178171O2,62.42,0.8130322102924843,10.15,{},False,3,False,
U00165,Na0.75Mn0.666667Fe0.166667Ni0.166667O2,Na0.75Fe0.146162Mn0.691534Ni0.162303O2,17.33,0.9922392579973499,18.05,{},False,2.1,False,
U00166,Na0.75Fe0.666667Cu0.166667Mn0.166667O2,Na0.75Cu0.341073Fe0.569778Mn0.08915O2,72.16,0.520927654070036,11.24,{},False,3,False,
U00167,Na0.75Fe0.666667Cu0.166667Ni0.166667O2,Na0.75Cu0.3533Fe0.246587Ni0.400113O2,98.3,1,8.34,{},False,2.1,False,
U00168,Na0.75Ni0.666667Cu0.166667Mn0.166667O2,,85.24,0.7637017070979335,10.54,"{""Ni"": 1.1109334720374344}",True,3,True,
U00169,Na0.75Fe0.666667Ni0.166667Mn0.166667O2,Na0.75Fe0.599325Mn0.132789Ni0.267885O2,93.57,0.8266932270916334,11.98,{},False,2.1,False,
U00170,Na0.75Cu0.666667Fe0.166667Mn0.166667O2,Na0.75Cu0.14411Fe0.386524Mn0.469366O2,68.57,1,8.37,{},False,2.1,False,
U00171,Na0.75Cu0.666667Ni0.166667Fe0.166667O2,,99.04,1,8.01,"{""Cu"": 0.7525868014059948, ""Fe"": 0.4385418227197135}",True,3,True,
U00172,Na0.75Cu0.666667Ni0.166667Mn0.166667O2,,78.41,0.987292817679558,9.62,"{""Mn"": 0.25456417556428157}",True,3,True,
U00173,Na0.75Ni0.666667Fe0.166667Mn0.166667O2,,85.84,0.9584221748400853,8.08,"{""Ni"": 0.9371050296156477}",True,3,True,
U00174,Na0.75Cu0.666667Ni0.111111Mn0.111111Fe0.111111O2,,79.96,0.9819621645402551,9.45,"{""Mn"": 0.21776092680944972}",True,3,True,
U00175,Na0.75Fe0.666667Cu0.111111Mn0.111111Ni0.111111O2,,63.91,0.10307084220127698,12.51,"{""Mn"": 0.3164301697794669}",True,3,True,
U00176,Na0.75Ni0.666667Fe0.111111Cu0.111111Mn0.111111O2,,87.12,0.521341463414634,8.04,"{""Ni"": 1.0832418818818443}",True,3,True,
U00177,Na0.75Mn0.666667Cu0.111111Fe0.111111Ni0.111111O2,Na0.75Cu0.088033Fe0.118068Mn0.67583Ni0.118068O2,9.87,0.9989021400748952,20.11,{},False,2.1,False,
U00178,Na0.75Mn0.111111Cu0.296296Fe0.296296Ni0.296296O2,,92.39,0.9924728185112909,7.73,"{""Fe"": 0.3577835437167272, ""Mn"": 0.23614510314448545}",True,3,True,
U00179,Na0.75Ni0.111111Cu0.296296Fe0.296296Mn0.296296O2,Na0.75Cu0.049736Fe0.389108Mn0.394973Ni0.166182O2,33.39,0.7245841035120147,9.12,{},False,2.1,False,
U00180,Na0.75Fe0.111111Mn0.296296Cu0.296296Ni0.296296O2,,75.11,0.985200845665962,6.83,"{""Fe"": 0.3209228993415854}",True,3,True,
U00181,Na0.75Cu0.111111Mn0.296296Fe0.296296Ni0.296296O2,Na0.75Cu0.222907Fe0.238048Mn0.416547Ni0.122498O2,52.48,0.9493632504548211,8.87,{},False,2.1,False,
U00182,Na0.75Fe0.388889Ni0.388889Cu0.111111Mn0.111111O2,Na0.75Cu0.012695Fe0.021458Mn0.296357Ni0.669489O2,69.72,0.3813163481953291,10.43,{},False,3,True,
U00183,Na0.75Cu0.388889Ni0.388889Fe0.111111Mn0.111111O2,,99.26,1,6.16,"{""Fe"": 0.307071807482623, ""Ni"": 0.48864001672368884, ""Mn"": 0.22530893608701857}",True,3,True,
U00184,Na0.75Fe0.388889Mn0.388889Cu0.111111Ni0.111111O2,Na0.75Cu0.071153Fe0.333695Mn0.477383Ni0.117769O2,31.02,1,14.15,{},False,2.1,False,
U00185,Na0.75Cu0.388889Fe0.388889Mn0.111111Ni0.111111O2,,77.01,0.6345177664974618,9.44,"{""Mn"": 0.3779639666375696}",True,3,True,
U00186,Na0.75Mn0.388889Ni0.388889Fe0.111111Cu0.111111O2,Na0.75Cu0.175587Fe0.154674Mn0.540213Ni0.129527O2,42.04,0.9679093005380477,9.84,{},False,2.1,False,
U00187,Na0.75Cu0.388889Mn0.388889Fe0.111111Ni0.111111O2,Na0.75Cu0.142157Fe0.165317Mn0.52721Ni0.165317O2,35.65,1,11.84,{},False,2.1,False,
U00188,Na0.5Mn0.666667Cu0.166667Fe0.166667O2,Na0.5Cu0.320138Fe0.034333Mn0.645528O2,45.78,0.9385740402193784,14.71,{},False,3,False,
U00189,Na0.5Ni0.666667Fe0.166667Cu0.166667O2,,97.94,0.16866506794564348,7.56,"{""Ni"": 1.0179403535304639, ""Fe"": 0.2794757924346362}",True,3,True,
U00190,Na0.5Mn0.666667Ni0.166667Cu0.166667O2,,72.84,0.8733552631578947,14.35,"{""Ni"": 0.22893505200885497}",True,3,True,
U00191,Na0.5Mn0.666667Fe0.166667Ni0.166667O2,Na0.5Fe0.18191Mn0.721776Ni0.096314O2,31.95,1,19.42,{},False,2.1,False,
U00192,Na0.5Fe0.666667Cu0.166667Mn0.166667O2,Na0.5Cu0.417905Fe0.329366Mn0.252729O2,55.72,0.24846994821363183,13.83,{},False,2.1,False,
U00193,Na0.5Fe0.666667Cu0.166667Ni0.166667O2,,97.8,0.41692789968652044,10.58,"{""Cu"": 0.28428770350838617, ""Fe"": 0.7577951354394029}",True,3,True,
U00194,Na0.5Ni0.666667Cu0.166667Mn0.166667O2,,76.92,0.36506550218340605,14.44,"{""Ni"": 0.9277848635558543}",True,3,True,
U00195,Na0.5Fe0.666667Ni0.166667Mn0.166667O2,Na0.5Fe0.485545Mn0.203268Ni0.311187O2,59.31,0.25521098118962887,14.62,{},False,2.1,False,
U00196,Na0.5Cu0.666667Fe0.166667Mn0.166667O2,,94.8,1,7.65,"{""Mn"": 0.2624537875551302}",True,3,True,
U00203,Na0.5Mn0.666667Cu0.111111Fe0.111111Ni0.111111O2,Na0.5Cu0.142839Fe0.120464Mn0.689042Ni0.047655O2,28.12,0.9951219512195122,18.08,{},False,2.1,False,
U00205,Na0.5Ni0.111111Cu0.296296Fe0.296296Mn0.296296O2,Na0.5Cu0.089615Fe0.036184Mn0.646054Ni0.228147O2,51.17,1,7.76,{},False,2.1,False,
U00197,Na0.5Cu0.666667Ni0.166667Fe0.166667O2,,100.0,-1,6.74,"{""Fe"": 0.4421841619781653}",True,3,True,
U00199,Na0.5Ni0.666667Fe0.166667Mn0.166667O2,,89.14,0.7141144740785137,8.61,"{""Ni"": 0.8923556685303365}",True,3,True,
U00201,Na0.5Fe0.666667Cu0.111111Mn0.111111Ni0.111111O2,,73.53,0.2100406053894426,9.74,"{""Fe"": 0.6894767929596498}",True,3,True,
U00207,Na0.5Cu0.111111Mn0.296296Fe0.296296Ni0.296296O2,Na0.5Cu0.196723Fe0.325478Mn0.415786Ni0.062013O2,53.66,0.9922066895108712,8.79,{},False,2.1,False,
U00210,Na0.5Fe0.388889Mn0.388889Cu0.111111Ni0.111111O2,Na0.5Cu0.077857Fe0.311301Mn0.525108Ni0.085733O2,38.02,1,9.79,{},False,2.1,False,
U00202,Na0.5Ni0.666667Fe0.111111Cu0.111111Mn0.111111O2,,83.32,0.6808794137241838,8.72,"{""Ni"": 0.9204447025811793}",True,3,True,
U00204,Na0.5Mn0.111111Cu0.296296Fe0.296296Ni0.296296O2,,96.98,1,7.63,"{""Fe"": 0.4803078704365221, ""Mn"": 0.1491890332143162}",True,3,True,
U00206,Na0.5Fe0.111111Mn0.296296Cu0.296296Ni0.296296O2,,74.56,0.9698412698412698,14.75,"{""Fe"": 0.21380940345541838, ""Mn"": 0.3153500115515822}",True,3,True,
U00214,NaMn0.666667Cu0.166667Fe0.166667O2,NaCu0.13497Fe0.140202Mn0.724828O2,17.09,0.991751269035533,15.65,{},False,2.1,False,
U00198,Na0.5Cu0.666667Ni0.166667Mn0.166667O2,,80.76,0.9782270606531881,9.1,"{""Mn"": 0.29182736851854}",True,3,True,
U00216,NaMn0.666667Ni0.166667Cu0.166667O2,NaCu0.175915Mn0.64817Ni0.175915O2,15.44,0.9934761026804709,15.42,{},False,2.1,False,
U00217,NaMn0.666667Fe0.166667Ni0.166667O2,NaFe0.166667Mn0.666666Ni0.166667O2,8.15,0.9984274099106635,15.2,{},False,2.1,False,
U00212,Na0.5Mn0.388889Ni0.388889Fe0.111111Cu0.111111O2,,59.23,0.9900712281459098,10.47,"{""Fe"": 0.29204695560818494, ""Ni"": 0.4023158773938876}",True,3,True,
U00218,NaFe0.666667Cu0.166667Mn0.166667O2,NaCu0.230715Fe0.683689Mn0.085596O2,40.45,0.20382757339279078,15.98,{},False,2.1,False,
U00215,NaNi0.666667Fe0.166667Cu0.166667O2,,97.68,0.20895522388059698,12.89,"{""Ni"": 1.3792069425216738}",True,3,True,
U00209,Na0.5Cu0.388889Ni0.388889Fe0.111111Mn0.111111O2,,100.0,-1,7.01,"{""Fe"": 0.19876769245877268, ""Mn"": 0.21765588139593153, ""Ni"": 0.6168146090161316}",True,3,True,
U00211,Na0.5Cu0.388889Fe0.388889Mn0.111111Ni0.111111O2,,86.62,0.9712556732223903,10.77,"{""Mn"": 0.1535349156824923}",True,3,True,
U00221,NaFe0.666667Ni0.166667Mn0.166667O2,NaFe0.810728Mn0.058493Ni0.130779O2,40.38,0.3246058558558559,17.39,{},False,2.1,False,
U00219,NaFe0.666667Cu0.166667Ni0.166667O2,NaCu0.3714Fe0.2572Ni0.3714O2,93.17,0.10512820512820512,9.23,{},False,2.1,False,
U00200,Na0.5Cu0.666667Ni0.111111Mn0.111111Fe0.111111O2,,88.84,1,8.68,"{""Fe"": 0.11492217315652216, ""Mn"": 0.27446333672767154}",True,3,True,
U00208,Na0.5Fe0.388889Ni0.388889Cu0.111111Mn0.111111O2,,69.18,0.13821248809685757,9.45,"{""Mn"": 0.20302169488151012}",True,3,True,
U00213,Na0.5Cu0.388889Mn0.388889Fe0.111111Ni0.111111O2,,70.5,0.9742857142857142,15.83,"{""Fe"": 0.20652018472907632}",True,3,True,
U00227,NaFe0.666667Cu0.111111Mn0.111111Ni0.111111O2,NaCu0.102677Fe0.641217Mn0.09287Ni0.163236O2,36.17,0.14355971896955502,11.4,{},False,2.1,False,
U00220,NaNi0.666667Cu0.166667Mn0.166667O2,,72.82,0.6156994047619048,7.43,"{""Ni"": 1.0318513275135486}",True,3,True,
U00222,NaCu0.666667Fe0.166667Mn0.166667O2,NaCu0.284497Fe0.444795Mn0.270708O2,67.61,0.6788747346072186,8.56,{},False,3,False,
U00229,NaMn0.666667Cu0.111111Fe0.111111Ni0.111111O2,NaCu0.137441Fe0.099781Mn0.625336Ni0.137441O2,26.88,0.9937332139659802,16.68,{},False,2.1,False,
U00231,NaNi0.111111Cu0.296296Fe0.296296Mn0.296296O2,NaCu0.083631Fe0.261551Mn0.560175Ni0.094643O2,48.38,1,7.85,{},False,2.1,False,
U00225,NaNi0.666667Fe0.166667Mn0.166667O2,,80.59,0.8035847647498132,9.63,"{""Ni"": 0.9561910266705577}",True,3,True,
U00223,NaCu0.666667Ni0.166667Fe0.166667O2,,98.25,0,6.44,"{""Fe"": 0.34629411487675865}",True,3,True,
U00233,NaCu0.111111Mn0.296296Fe0.296296Ni0.296296O2,NaCu0.124106Fe0.326239Mn0.435114Ni0.114541O2,58.55,0.9542283531677136,8.56,{},False,3,False,
U00236,NaFe0.388889Mn0.388889Cu0.111111Ni0.111111O2,NaCu0.091247Fe0.361451Mn0.422373Ni0.124929O2,20.29,0.5681863035326624,18.92,{},False,2.1,False,
U00228,NaNi0.666667Fe0.111111Cu0.111111Mn0.111111O2,,77.44,0.10450985687280584,8.23,"{""Ni"": 1.0444640125907307}",True,3,True,
U00224,NaCu0.666667Ni0.166667Mn0.166667O2,,80.38,0.9834808259587021,8.42,"{""Mn"": 0.28929601330403}",True,3,True,
U00238,NaMn0.388889Ni0.388889Fe0.111111Cu0.111111O2,NaCu0.173742Fe0.173742Mn0.472999Ni0.179516O2,35.04,0.9484620418848168,10.38,{},False,2.1,False,
U00240,Na0.75Mn0.666667Cu0.166667Fe0.166667O2,Na0.75Cu0.153671Fe0.172554Mn0.673775O2,20.04,0.9935145577480337,13.62,{},False,2.1,False,
U00239,NaCu0.388889Mn0.388889Fe0.111111Ni0.111111O2,NaCu0.141031Fe0.035738Mn0.604048Ni0.219183O2,43.91,0.6434599156118143,12.15,{},False,2.1,False,
U00230,NaMn0.111111Cu0.296296Fe0.296296Ni0.296296O2,,92.08,1,7.5,"{""Fe"": 0.494092152040414, ""Cu"": 0.30560790829307016, ""Mn"": 0.1637876917602701}",True,3,True,
U00242,Na0.75Mn0.666667Ni0.166667Cu0.166667O2,Na0.75Cu0.1726Mn0.6548Ni0.1726O2,8.18,0.982959268495428,12.96,{},False,2.1,False,
U00243,Na0.75Mn0.666667Fe0.166667Ni0.166667O2,Na0.75Fe0.056368Mn0.761521Ni0.182111O2,20.48,0.9914097653490015,15.27,{},False,2.1,False,
U00241,Na0.75Ni0.666667Fe0.166667Cu0.166667O2,,97.4,0.2498573873359954,7.71,"{""Ni"": 1.1626212074174345}",True,3,True,
U00232,NaFe0.111111Mn0.296296Cu0.296296Ni0.296296O2,,74.22,0.9732283464566929,14.28,"{""Fe"": 0.26930761583992985, ""Mn"": 0.3355609633694223}",True,3,True,
U00245,Na0.75Fe0.666667Cu0.166667Ni0.166667O2,Na0.75Cu0.637211Fe0.329953Ni0.032836O2,89.35,0.20227021913920853,11.79,{},False,2.1,False,
U00247,Na0.75Fe0.666667Ni0.166667Mn0.166667O2,Na0.75Fe0.713441Mn0.075136Ni0.211423O2,33.42,0.08806076430097318,16.51,{},False,2.1,False,
U00244,Na0.75Fe0.666667Cu0.166667Mn0.166667O2,Na0.75Cu0.145916Fe0.735094Mn0.11899O2,41.08,0.1714774951076321,19.49,{},False,2.1,False,
U00226,NaCu0.666667Ni0.111111Mn0.111111Fe0.111111O2,,81.71,0.9706908583391486,8.63,"{""Mn"": 0.27079006520813087}",True,3,True,
U00248,Na0.75Cu0.666667Fe0.166667Mn0.166667O2,Na0.75Cu0.598652Fe0.27917Mn0.122178O2,75.31,1,11.41,{},True,2.1,False,
U00234,NaFe0.388889Ni0.388889Cu0.111111Mn0.111111O2,,78.02,0.1675092686215032,8.91,"{""Cu"": 0.11631399503814178, ""Ni"": 0.42656075350025086, ""Mn"": 0.1514361465697215}",True,3,True,
U00246,Na0.75Ni0.666667Cu0.166667Mn0.166667O2,,80.41,0.9563658099222953,7.61,"{""Ni"": 1.093942386697497}",True,3,True,
U00251,Na0.75Ni0.666667Fe0.166667Mn0.166667O2,,80.53,0.9359756097560975,9.11,"{""Ni"": 0.8929225803231646}",True,3,True,
U00255,Na0.75Mn0.666667Cu0.111111Fe0.111111Ni0.111111O2,Na0.75Cu0.132077Fe0.090186Mn0.645661Ni0.132077O2,33.83,0.9699359290290784,16.02,{},False,2.1,False,
U00249,Na0.75Cu0.666667Ni0.166667Fe0.166667O2,,99.1,1,6.27,"{""Fe"": 0.3208741993557077}",True,3,True,
U00235,NaCu0.388889Ni0.388889Fe0.111111Mn0.111111O2,,95.89,1,5.82,"{""Fe"": 0.2294142750348461, ""Mn"": 0.2707425592810667, ""Ni"": 0.5408782952519399}",True,3,True,
U00257,Na0.75Ni0.111111Cu0.296296Fe0.296296Mn0.296296O2,Na0.75Cu0.20316Fe0.38027Mn0.278709Ni0.137861O2,30.99,0.6452709080611667,10.64,{},False,2.1,False,
U00258,Na0.75Fe0.111111Mn0.296296Cu0.296296Ni0.296296O2,Na0.75Cu0.227301Fe0.125383Mn0.575687Ni0.071629O2,51.78,0.9697251979506288,7.91,{},False,2.1,False,
U00253,Na0.75Fe0.666667Cu0.111111Mn0.111111Ni0.111111O2,,50.08,0.12978314833028898,12.87,"{""Mn"": 0.28536145165503835}",True,3,True,
U00237,NaCu0.388889Fe0.388889Mn0.111111Ni0.111111O2,,74.84,0.4113687359760658,9.49,"{""Mn"": 0.43521893233126385}",True,3,True,
U00259,Na0.75Cu0.111111Mn0.296296Fe0.296296Ni0.296296O2,Na0.75Cu0.149605Fe0.151178Mn0.49753Ni0.201686O2,50.79,0.8740569668976135,9.45,{},False,2.1,False,
U00254,Na0.75Ni0.666667Fe0.111111Cu0.111111Mn0.111111O2,,85.58,0.9668161434977578,8.71,"{""Ni"": 1.0394979116536662}",True,3,True,
U00262,Na0.75Fe0.388889Mn0.388889Cu0.111111Ni0.111111O2,Na0.75Cu0.102604Fe0.282707Mn0.491324Ni0.123365O2,22.91,0.7547711292868416,11.6,{},False,2.1,False,
U00250,Na0.75Cu0.666667Ni0.166667Mn0.166667O2,Na0.75Cu0.164587Mn0.155744Ni0.679668O2,78.21,1,5.81,{},False,2.1,True,
U00265,Na0.75Cu0.388889Mn0.388889Fe0.111111Ni0.111111O2,Na0.75Cu0.192237Fe0.120709Mn0.523111Ni0.163943O2,29.42,1,13.62,{},False,2.1,False,
U00264,Na0.75Mn0.388889Ni0.388889Fe0.111111Cu0.111111O2,Na0.75Cu0.120606Fe0.119947Mn0.572142Ni0.187304O2,45.97,0.9781094527363183,8.48,{},False,2.1,False,
U00263,Na0.75Cu0.388889Fe0.388889Mn0.111111Ni0.111111O2,Na0.75Cu0.15933Fe0.621451Mn0.00042Ni0.2188O2,56.0,0.29308783579837,8.46,{},False,3,False,
U00267,Na0.5Ni0.666667Fe0.166667Cu0.166667O2,,97.47,0.11909795630725863,7.53,"{""Ni"": 1.2096871270800682}",True,3,True,
U00266,Na0.5Mn0.666667Cu0.166667Fe0.166667O2,Na0.5Cu0.100956Fe0.029479Mn0.869565O2,64.97,0.9582517938682323,13.37,{},True,2.1,False,
U00268,Na0.5Mn0.666667Ni0.166667Cu0.166667O2,Na0.5Cu0.178928Mn0.752971Ni0.068101O2,75.09,0.8854059609455293,22.74,{},False,2.1,True,
U00270,Na0.5Fe0.666667Cu0.166667Mn0.166667O2,Na0.5Cu0.46176Fe0.264835Mn0.273405O2,83.29,0.3459337148941834,9.99,{},True,2.1,False,
U00260,Na0.75Fe0.388889Ni0.388889Cu0.111111Mn0.111111O2,,73.48,0.27893738140417457,11.09,"{""Ni"": 0.5433285347113962}",True,3,True,
U00273,Na0.5Fe0.666667Ni0.166667Mn0.166667O2,Na0.5Fe0.410746Mn0.294627Ni0.294627O2,60.34,0.25780836421386977,14.66,{},False,2.1,False,
U00271,Na0.5Fe0.666667Cu0.166667Ni0.166667O2,,99.83,0,7.51,"{""Fe"": 1.0486244914322667}",True,3,True,
U00275,Na0.5Cu0.666667Ni0.166667Fe0.166667O2,,99.26,0,7.23,"{""Fe"": 0.34429556413277046}",True,3,True,
U00256,Na0.75Mn0.111111Cu0.296296Fe0.296296Ni0.296296O2,,90.12,0.8933739527798934,7.49,"{""Fe"": 0.3743731518015949, ""Cu"": 0.3059554916659194, ""Mn"": 0.14903542428923378}",True,3,True,
U00261,Na0.75Cu0.388889Ni0.388889Fe0.111111Mn0.111111O2,,90.1,0.9198396793587175,6.89,"{""Ni"": 0.5528988350262232, ""Mn"": 0.2415007952325734}",True,3,True,
U00274,Na0.5Cu0.666667Fe0.166667Mn0.166667O2,Na0.5Cu0.529499Fe0.389374Mn0.081127O2,85.0,1,8.98,{},True,2.1,False,
U00272,Na0.5Ni0.666667Cu0.166667Mn0.166667O2,,79.6,0.6160458452722063,12.2,"{""Ni"": 0.9218180848740348}",True,3,True,
U00252,Na0.75Cu0.666667Ni0.111111Mn0.111111Fe0.111111O2,,92.0,0.9192660550458716,6.14,"{""Fe"": 0.12189433680360731, ""Mn"": 0.18603039126234205}",True,3,True,
U00281,Na0.5Mn0.666667Cu0.111111Fe0.111111Ni0.111111O2,Na0.5Cu0.157233Fe0.128395Mn0.708665Ni0.005707O2,48.98,0.9757516973811833,18.51,{},False,2.1,False,
U00277,Na0.5Ni0.666667Fe0.166667Mn0.166667O2,,85.94,0.7457019301761417,8.94,"{""Ni"": 0.8679439591388369}",True,3,True,
U00276,Na0.5Cu0.666667Ni0.166667Mn0.166667O2,,84.9,1,9.33,"{""Mn"": 0.21450488146436197}",True,3,True,
U00285,Na0.5Cu0.111111Mn0.296296Fe0.296296Ni0.296296O2,Na0.5Cu0.215587Fe0.385806Mn0.241939Ni0.156668O2,73.72,0.9882794186591656,7.96,{},False,2.1,False,
U00283,Na0.5Ni0.111111Cu0.296296Fe0.296296Mn0.296296O2,Na0.5Cu0.43002Fe0.014659Mn0.316166Ni0.239155O2,71.61,0.9367088607594937,9.97,{},True,2.1,False,
U00280,Na0.5Ni0.666667Fe0.111111Cu0.111111Mn0.111111O2,,91.62,0.9445378151260504,6.98,"{""Ni"": 1.0769778419879819}",True,3,True,
U00288,Na0.5Fe0.388889Mn0.388889Cu0.111111Ni0.111111O2,Na0.5Cu0.091069Fe0.055574Mn0.720336Ni0.133021O2,48.35,0.9929308975377285,9.95,{},False,2.1,False,
U00279,Na0.5Fe0.666667Cu0.111111Mn0.111111Ni0.111111O2,,76.45,0.3099944577868095,10.03,"{""Mn"": 0.12389123599126099}",True,3,True,
U00282,Na0.5Mn0.111111Cu0.296296Fe0.296296Ni0.296296O2,,90.16,0.7022175290390708,6.71,"{""Fe"": 0.30286712293151136, ""Mn"": 0.23910918898883138}",True,3,True,
U00291,Na0.5Cu0.388889Mn0.388889Fe0.111111Ni0.111111O2,Na0.5Cu0.161227Fe0.052625Mn0.68305Ni0.103098O2,51.98,0.9852164427603629,6.86,{},False,2.1,False,
U00284,Na0.5Fe0.111111Mn0.296296Cu0.296296Ni0.296296O2,,70.04,0.9933503836317136,10.32,"{""Fe"": 0.21352042512375388}",True,3,True,
U00292,NaMn0.666667Cu0.166667Fe0.166667O2,NaCu0.12291Fe0.09057Mn0.78652O2,22.77,0.9939493846355582,12.47,{},False,2.1,False,
U00294,NaMn0.666667Ni0.166667Cu0.166667O2,NaCu0.032987Mn0.753101Ni0.213912O2,27.57,0.981596958174905,10.95,{},False,2.1,False,
U00295,NaMn0.666667Fe0.166667Ni0.166667O2,NaFe0.183282Mn0.633435Ni0.183282O2,22.1,0.9936652793795651,14.44,{},False,2.1,False,
U00293,NaNi0.666667Fe0.166667Cu0.166667O2,,94.6,0.2635869565217391,7.79,"{""Ni"": 1.3544756952512194}",True,3,True,
U00296,NaFe0.666667Cu0.166667Mn0.166667O2,NaCu0.148516Fe0.566432Mn0.285051O2,46.29,0.22334682860998653,11.3,{},False,2.1,False,
U00297,NaFe0.666667Cu0.166667Ni0.166667O2,,96.98,0,8.87,"{""Cu"": 0.260293023997555, ""Fe"": 0.7405657230396501}",True,3,True,
U00299,NaFe0.666667Ni0.166667Mn0.166667O2,NaFe0.51023Mn0.263883Ni0.225888O2,40.15,0.17380627557980902,14.33,{},False,2.1,False,
U00290,Na0.5Mn0.388889Ni0.388889Fe0.111111Cu0.111111O2,,62.84,0.9616087751371115,9.61,"{""Fe"": 0.30731480008130574}",True,3,True,
U00286,Na0.5Fe0.388889Ni0.388889Cu0.111111Mn0.111111O2,,81.78,0.23615670825125848,8.38,"{""Ni"": 0.47246175931747464, ""Mn"": 0.18197342530208557}",True,3,True,
U00289,Na0.5Cu0.388889Fe0.388889Mn0.111111Ni0.111111O2,,80.5,0.3671199011124845,8.65,"{""Mn"": 0.22695592399278924}",True,3,True,
U00300,NaCu0.666667Fe0.166667Mn0.166667O2,NaCu0.368436Fe0.577052Mn0.054512O2,88.91,1,7.27,{},True,2.1,False,
U00298,NaNi0.666667Cu0.166667Mn0.166667O2,,84.27,0.7035175879396985,12.9,"{""Ni"": 1.143445057394752}",True,3,True,
U00301,NaCu0.666667Ni0.166667Fe0.166667O2,NaCu0.569389Fe0.181442Ni0.249169O2,95.87,0.194006309148265,7.54,{},False,2.1,True,
U00305,NaFe0.666667Cu0.111111Mn0.111111Ni0.111111O2,NaCu0.275566Fe0.532899Mn0.075875Ni0.115659O2,67.54,0.16210739614994932,10.68,{},False,2.1,False,
U00307,NaMn0.666667Cu0.111111Fe0.111111Ni0.111111O2,NaCu0.114459Fe0.014484Mn0.773097Ni0.09796O2,35.21,0.9981991791607338,14.83,{},False,2.1,False,
U00303,NaNi0.666667Fe0.166667Mn0.166667O2,,60.84,0.23993759750390017,10.53,"{""Ni"": 0.8117285230772302}",True,3,True,
U00302,NaCu0.666667Ni0.166667Mn0.166667O2,,82.6,0.978643216080402,8.94,"{""Mn"": 0.26087102749946234}",True,3,True,
U00287,Na0.5Cu0.388889Ni0.388889Fe0.111111Mn0.111111O2,,93.71,0.871584699453552,6.83,"{""Ni"": 0.5113029948912066, ""Fe"": 0.1269086621156652, ""Mn"": 0.2053341772542212}",True,3,True,
U00306,NaNi0.666667Fe0.111111Cu0.111111Mn0.111111O2,,85.96,0.4374475230898405,7.34,"{""Ni"": 1.076678883310558}",True,3,True,
U00312,NaFe0.388889Ni0.388889Cu0.111111Mn0.111111O2,NaCu0.062522Fe0.653383Mn0.029597Ni0.254498O2,51.11,0.8864876664483737,8.1,{},False,2.1,False,
U00308,NaMn0.111111Cu0.296296Fe0.296296Ni0.296296O2,NaCu0.638376Fe0.334565Mn0.018501Ni0.008559O2,60.31,0.03570114096429886,9.94,{},True,3,True,
U00314,NaFe0.388889Mn0.388889Cu0.111111Ni0.111111O2,NaCu0.005344Fe0.079441Mn0.74412Ni0.171095O2,41.63,1,9.64,{},False,2.1,False,
U00309,NaNi0.111111Cu0.296296Fe0.296296Mn0.296296O2,,86.88,0.4818456883509833,6.52,"{""Mn"": 0.3759540365539422, ""Ni"": 0.2615712612856261}",True,3,True,
U00304,NaCu0.666667Ni0.111111Mn0.111111Fe0.111111O2,,96.98,1,7.68,"{""Fe"": 0.13784575195553694, ""Mn"": 0.2731769004147829}",True,3,True,
U00315,NaCu0.388889Fe0.388889Mn0.111111Ni0.111111O2,NaCu0.055137Fe0.687821Mn0.161831Ni0.09521O2,59.15,0.24848805314121417,7.07,{},False,2.1,False,
U00278,Na0.5Cu0.666667Ni0.111111Mn0.111111Fe0.111111O2,,94.38,0.9002217294900222,7.2,"{""Mn"": 0.25957763200438105}",True,3,True,
U00316,NaMn0.388889Ni0.388889Fe0.111111Cu0.111111O2,NaCu0.125169Fe0.055829Mn0.798817Ni0.020185O2,49.81,0.9687917967008471,7.9,{},False,2.1,False,
U00320,Na0.75Mn0.666667Ni0.166667Cu0.166667O2,Na0.75Cu0.111454Mn0.710836Ni0.177709O2,11.89,0.9964489732901034,16.49,{},False,2.1,False,
U00318,Na0.75Mn0.666667Cu0.166667Fe0.166667O2,Na0.75Cu0.094841Fe0.181032Mn0.724127O2,26.06,0.9940920473608713,11.98,{},False,2.1,False,
U00321,Na0.75Mn0.666667Fe0.166667Ni0.166667O2,Na0.75Fe0.17232Mn0.655361Ni0.17232O2,13.38,0.9995142936441854,14.84,{},False,2.1,False,
U00322,Na0.75Fe0.666667Cu0.166667Mn0.166667O2,Na0.75Cu0.200018Fe0.704374Mn0.095607O2,38.46,0.2143325117773687,14.06,{},False,2.1,False,
U00323,Na0.75Fe0.666667Cu0.166667Ni0.166667O2,Na0.75Cu0.402224Fe0.428157Ni0.169619O2,84.95,0.33525287931897846,10.76,{},False,2.1,False,
U00325,Na0.75Fe0.666667Ni0.166667Mn0.166667O2,Na0.75Fe0.657605Mn0.180439Ni0.161956O2,35.03,0.17524868344060854,16.81,{},False,2.1,False,
U00311,NaCu0.111111Mn0.296296Fe0.296296Ni0.296296O2,,67.67,1,8.62,"{""Cu"": 0.16316222249325826}",True,3,True,
U00317,NaCu0.388889Mn0.388889Fe0.111111Ni0.111111O2,NaCu0.196176Fe0.222191Mn0.359442Ni0.222191O2,65.87,0.9326066450057646,6.9,{},True,2.1,False,
U00326,Na0.75Cu0.666667Fe0.166667Mn0.166667O2,Na0.75Cu0.221398Fe0.436699Mn0.341903O2,62.26,0.6053226211398444,6.59,{},False,3,False,
U00310,NaFe0.111111Mn0.296296Cu0.296296Ni0.296296O2,,71.69,1,8.29,"{""Fe"": 0.26704850671676306, ""Mn"": 0.34342854698636627}",True,3,True,
U00330,Na0.75Cu0.666667Ni0.111111Mn0.111111Fe0.111111O2,Na0.75Cu0.372605Fe0.083725Mn0.08534Ni0.45833O2,70.95,0.4749433392092672,5.35,{},False,2.1,False,
U00319,Na0.75Ni0.666667Fe0.166667Cu0.166667O2,,93.0,0,7.35,"{""Ni"": 1.2413522707208857}",True,3,True,
U00331,Na0.75Fe0.666667Cu0.111111Mn0.111111Ni0.111111O2,Na0.75Cu0.075902Fe0.70613Mn0.108984Ni0.108984O2,41.06,0.08891269416175683,11.31,{},False,2.1,False,
U00333,Na0.75Mn0.666667Cu0.111111Fe0.111111Ni0.111111O2,Na0.75Cu0.117485Fe0.060117Mn0.704913Ni0.117485O2,10.82,0.9979833830765508,13.99,{},False,2.1,False,
U00327,Na0.75Cu0.666667Ni0.166667Fe0.166667O2,,100.0,-1,7.45,"{""Fe"": 0.386066141870524}",True,3,True,
U00334,Na0.75Mn0.111111Cu0.296296Fe0.296296Ni0.296296O2,Na0.75Cu0.460059Fe0.353665Mn0.143632Ni0.042645O2,71.87,0.24317406143344708,7.54,{},False,2.1,False,
U00336,Na0.75Fe0.111111Mn0.296296Cu0.296296Ni0.296296O2,Na0.75Cu0.110668Fe0.360933Mn0.491086Ni0.037313O2,61.28,0.9624778761061947,8.66,{},False,2.1,False,
U00337,Na0.75Cu0.111111Mn0.296296Fe0.296296Ni0.296296O2,Na0.75Cu0.083317Fe0.249572Mn0.512956Ni0.154155O2,45.31,0.39408602150537636,10.11,{},False,2.1,False,
U00329,Na0.75Ni0.666667Fe0.166667Mn0.166667O2,,71.34,0.32878965922444187,9.46,"{""Ni"": 0.8127816477010043}",True,3,True,
U00335,Na0.75Ni0.111111Cu0.296296Fe0.296296Mn0.296296O2,Na0.75Cu0.144176Fe0.390348Mn0.319095Ni0.146381O2,55.31,0.12704343764595982,10.32,{},True,2.1,False,
U00340,Na0.75Fe0.388889Mn0.388889Cu0.111111Ni0.111111O2,Na0.75Cu0.061622Fe0.402517Mn0.406665Ni0.129197O2,19.99,0.5902006809194528,12.54,{},False,2.1,False,
U00313,NaCu0.388889Ni0.388889Fe0.111111Mn0.111111O2,,95.92,1,6.52,"{""Ni"": 0.5851697013198958, ""Fe"": 0.20640450884405231, ""Mn"": 0.2772829981701331}",True,3,True,
U00269,Na0.5Mn0.666667Fe0.166667Ni0.166667O2,,73.61,1,19.43,"{""Ni"": 0.24055663292674487}",True,3,True,
U00342,Na0.75Mn0.388889Ni0.388889Fe0.111111Cu0.111111O2,Na0.75Cu0.194395Fe0.139267Mn0.467872Ni0.198467O2,40.37,0.8331403405531617,9.07,{},False,2.1,False,
U00338,Na0.75Fe0.388889Ni0.388889Cu0.111111Mn0.111111O2,Na0.75Cu0.244583Fe0.70118Mn0.002885Ni0.051352O2,60.73,0.057038897145492755,11.64,{},True,2.1,False,
U00344,Na0.5Mn0.666667Cu0.166667Fe0.166667O2,Na0.5Cu0.189241Fe0.138709Mn0.67205O2,33.68,0.9071038251366119,25.3,{},False,2.1,False,
U00346,Na0.5Mn0.666667Ni0.166667Cu0.166667O2,Na0.5Cu0.158262Mn0.651781Ni0.189956O2,20.43,0.9649045149867207,10.59,{},False,2.1,False,
U00347,Na0.5Mn0.666667Fe0.166667Ni0.166667O2,Na0.5Fe0.171843Mn0.631825Ni0.196332O2,29.79,1,29.91,{},False,2.1,False,
U00332,Na0.75Ni0.666667Fe0.111111Cu0.111111Mn0.111111O2,,83.16,0.7221350078492936,8.26,"{""Ni"": 1.0556585131963405}",True,3,True,
U00349,Na0.5Fe0.666667Cu0.166667Ni0.166667O2,Na0.5Cu0.213109Fe0.310179Ni0.476712O2,81.15,0.1695786228160329,12.53,{},False,2.1,False,
U00348,Na0.5Fe0.666667Cu0.166667Mn0.166667O2,Na0.5Cu0.226588Fe0.546824Mn0.226588O2,39.49,0.09353873434556136,13.0,{},False,2.1,False,
U00351,Na0.5Fe0.666667Ni0.166667Mn0.166667O2,Na0.5Fe0.675811Mn0.131317Ni0.192872O2,25.72,0.07152466367713003,13.63,{},False,2.1,False,
U00341,Na0.75Cu0.388889Fe0.388889Mn0.111111Ni0.111111O2,Na0.75Cu0.143323Fe0.606142Mn0.093448Ni0.157087O2,56.3,0.09782082324455205,9.25,{},True,2.1,False,
U00324,Na0.75Ni0.666667Cu0.166667Mn0.166667O2,,85.88,0.7899432278994324,15.37,"{""Ni"": 1.081726626826974}",True,3,True,
U00352,Na0.5Cu0.666667Fe0.166667Mn0.166667O2,Na0.5Cu0.285301Fe0.338955Mn0.375744O2,58.63,0.5508112724167378,7.29,{},False,2.1,False,
U00354,Na0.5Cu0.666667Ni0.166667Mn0.166667O2,Na0.5Cu0.196688Mn0.03157Ni0.771741O2,70.45,0.6071514278857691,6.53,{},False,2.1,False,
U00345,Na0.5Ni0.666667Fe0.166667Cu0.166667O2,,96.91,0.380952380952381,9.11,"{""Ni"": 1.1877716784473948}",True,3,True,
U00343,Na0.75Cu0.388889Mn0.388889Fe0.111111Ni0.111111O2,Na0.75Cu0.040741Fe0.215543Mn0.528173Ni0.215543O2,61.02,0.9809837264582191,6.63,{},True,2.1,False,
U00356,Na0.5Cu0.666667Ni0.111111Mn0.111111Fe0.111111O2,Na0.5Cu0.206691Fe0.175466Mn0.193192Ni0.42465O2,73.1,0.4049984944293887,6.01,{},False,3,False,
U00357,Na0.5Fe0.666667Cu0.111111Mn0.111111Ni0.111111O2,Na0.5Cu0.074836Fe0.694138Mn0.089505Ni0.141522O2,46.77,0.04512331838565023,10.85,{},False,2.1,False,
U00328,Na0.75Cu0.666667Ni0.166667Mn0.166667O2,,79.13,0.9810710987996306,10.19,"{""Mn"": 0.27152146098132435}",True,3,True,
U00359,Na0.5Mn0.666667Cu0.111111Fe0.111111Ni0.111111O2,Na0.5Cu0.109337Fe0.093145Mn0.67199Ni0.125529O2,16.84,0.9585621567648527,20.27,{},False,2.1,False,
U00361,Na0.5Ni0.111111Cu0.296296Fe0.296296Mn0.296296O2,Na0.5Cu0.13542Fe0.348325Mn0.375458Ni0.140797O2,28.33,0.30608135320177204,11.89,{},False,2.1,False,
U00353,Na0.5Cu0.666667Ni0.166667Fe0.166667O2,,100.0,-1,6.57,"{""Fe"": 0.3717276691564463}",True,3,True,
U00362,Na0.5Fe0.111111Mn0.296296Cu0.296296Ni0.296296O2,Na0.5Cu0.218567Fe0.21653Mn0.345146Ni0.219758O2,46.24,0.531886285055705,7.16,{},False,2.1,False,
U00355,Na0.5Ni0.666667Fe0.166667Mn0.166667O2,,73.99,0.5902060384681239,8.7,"{""Ni"": 0.7963719226257119}",True,3,True,
U00363,Na0.5Cu0.111111Mn0.296296Fe0.296296Ni0.296296O2,Na0.5Cu0.152041Fe0.347415Mn0.305697Ni0.194847O2,32.48,0.3105423987776929,11.75,{},False,2.1,False,
U00364,Na0.5Fe0.388889Ni0.388889Cu0.111111Mn0.111111O2,Na0.5Cu0.269519Fe0.617289Mn0.069805Ni0.043387O2,64.88,0.11967820019934501,9.29,{},False,2.1,False,
U00366,Na0.5Fe0.388889Mn0.388889Cu0.111111Ni0.111111O2,Na0.5Cu0.084626Fe0.409285Mn0.380996Ni0.125093O2,16.42,0.26361176868447744,17.37,{},False,2.1,False,
U00350,Na0.5Ni0.666667Cu0.166667Mn0.166667O2,,75.35,0.28643678160919545,9.72,"{""Ni"": 0.8855466798685142}",True,3,True,
U00368,Na0.5Mn0.388889Ni0.388889Fe0.111111Cu0.111111O2,Na0.5Cu0.2102Fe0.156123Mn0.45975Ni0.173928O2,44.87,0.7303664921465968,8.91,{},False,2.1,False,
U00367,Na0.5Cu0.388889Fe0.388889Mn0.111111Ni0.111111O2,Na0.5Cu0.021428Fe0.729828Mn0.040222Ni0.208522O2,49.99,0.14079147640791476,6.76,{},False,3,False,
U00369,Na0.5Cu0.388889Mn0.388889Fe0.111111Ni0.111111O2,Na0.5Cu0.218038Fe0.181351Mn0.41926Ni0.181351O2,42.76,1,8.97,{},False,2.1,False,
U00339,Na0.75Cu0.388889Ni0.388889Fe0.111111Mn0.111111O2,,88.41,1,7.19,"{""Ni"": 0.4817055595247953, ""Mn"": 0.20847291798982326}",True,3,True,
U00358,Na0.5Ni0.666667Fe0.111111Cu0.111111Mn0.111111O2,,82.28,0.17037671232876714,8.66,"{""Ni"": 1.069342194118677}",True,3,True,
U00365,Na0.5Cu0.388889Ni0.388889Fe0.111111Mn0.111111O2,,88.61,0.9652650822669104,6.43,"{""Fe"": 0.15972543872263895, ""Ni"": 0.4630517041148482, ""Mn"": 0.18722119239182142}",True,3,True,
U00360,Na0.5Mn0.111111Cu0.296296Fe0.296296Ni0.296296O2,,80.6,0.7740816082326193,6.95,"{""Mn"": 0.39745464464453995}",True,3,True,
