UID,Chemical,Time,Temperature
U00001,NaCuO2,12,950
U00002,NaFeO2,12,950
U00003,NaMnO2,12,950
U00004,NaNiO2,12,950
U00005,NaCu0.5Fe0.5O2,12,950
U00006,NaCu0.5Mn0.5O2,12,950
U00007,NaCu0.5Ni0.5O2,12,950
U00008,NaFe0.5Mn0.5O2,12,950
U00009,NaFe0.5Ni0.5O2,12,950
U00010,NaMn0.5Ni0.5O2,12,950
U00011,NaCu1/3Fe1/3Mn1/3O2,12,950
U00012,NaCu1/3Fe1/3Ni1/3O2,12,950
U00013,NaCu1/3Mn1/3Ni1/3O2,12,950
U00014,NaFe1/3Mn1/3Ni1/3O2,12,950
U00015,NaCu0.25Fe0.25Mn0.25Ni0.25O2,12,950
U00016,Na0.75CuO2,12,950
U00017,Na0.75FeO2,12,950
U00018,Na0.75MnO2,12,950
U00019,Na0.75NiO2,12,950
U00020,Na0.75Cu0.5Fe0.5O2,12,950
U00021,Na0.75Cu0.5Mn0.5O2,12,950
U00022,Na0.75Cu0.5Ni0.5O2,12,950
U00023,Na0.75Fe0.5Mn0.5O2,12,950
U00024,Na0.75Fe0.5Ni0.5O2,12,950
U00025,Na0.75Mn0.5Ni0.5O2,12,950
U00026,Na0.75Cu1/3Fe1/3Mn1/3O2,12,950
U00027,Na0.75Cu1/3Fe1/3Ni1/3O2,12,950
U00028,Na0.75Cu1/3Mn1/3Ni1/3O2,12,950
U00029,Na0.75Fe1/3Mn1/3Ni1/3O2,12,950
U00030,Na0.75Cu0.25Fe0.25Mn0.25Ni0.25O2,12,950
U00031,Na0.5CuO2,12,950
U00032,Na0.5FeO2,12,950
U00033,Na0.5MnO2,12,950
U00034,Na0.5NiO2,12,950
U00035,Na0.5Cu0.5Fe0.5O2,12,950
U00036,Na0.5Cu0.5Mn0.5O2,12,950
U00037,Na0.5Cu0.5Ni0.5O2,12,950
U00038,Na0.5Fe0.5Mn0.5O2,12,950
U00039,Na0.5Fe0.5Ni0.5O2,12,950
U00040,Na0.5Mn0.5Ni0.5O2,12,950
U00041,Na0.5Cu1/3Fe1/3Mn1/3O2,12,950
U00042,Na0.5Cu1/3Fe1/3Ni1/3O2,12,950
U00043,Na0.5Cu1/3Mn1/3Ni1/3O2,12,950
U00044,Na0.5Fe1/3Mn1/3Ni1/3O2,12,950
U00045,Na0.5Cu0.25Fe0.25Mn0.25Ni0.25O2,12,950
U00046,NaCuO2,6,950
U00047,NaFeO2,6,950
U00048,NaMnO2,6,950
U00049,NaNiO2,6,950
U00050,NaCu0.5Fe0.5O2,6,950
U00051,NaCu0.5Mn0.5O2,6,950
U00052,NaCu0.5Ni0.5O2,6,950
U00053,NaFe0.5Mn0.5O2,6,950
U00054,NaFe0.5Ni0.5O2,6,950
U00055,NaMn0.5Ni0.5O2,6,950
U00056,NaCu1/3Fe1/3Mn1/3O2,6,950
U00057,NaCu1/3Fe1/3Ni1/3O2,6,950
U00058,NaCu1/3Mn1/3Ni1/3O2,6,950
U00059,NaFe1/3Mn1/3Ni1/3O2,6,950
U00060,NaCu0.25Fe0.25Mn0.25Ni0.25O2,6,950
U00061,Na0.75CuO2,6,950
U00062,Na0.75FeO2,6,950
U00063,Na0.75MnO2,6,950
U00064,Na0.75NiO2,6,950
U00065,Na0.75Cu0.5Fe0.5O2,6,950
U00066,Na0.75Cu0.5Mn0.5O2,6,950
U00067,Na0.75Cu0.5Ni0.5O2,6,950
U00068,Na0.75Fe0.5Mn0.5O2,6,950
U00069,Na0.75Fe0.5Ni0.5O2,6,950
U00070,Na0.75Mn0.5Ni0.5O2,6,950
U00071,Na0.75Cu1/3Fe1/3Mn1/3O2,6,950
U00072,Na0.75Cu1/3Fe1/3Ni1/3O2,6,950
U00073,Na0.75Cu1/3Mn1/3Ni1/3O2,6,950
U00074,Na0.75Fe1/3Mn1/3Ni1/3O2,6,950
U00075,Na0.75Cu0.25Fe0.25Mn0.25Ni0.25O2,6,950
U00076,Na0.5CuO2,6,950
U00077,Na0.5FeO2,6,950
U00078,Na0.5MnO2,6,950
U00079,Na0.5NiO2,6,950
U00080,Na0.5Cu0.5Fe0.5O2,6,950
U00081,Na0.5Cu0.5Mn0.5O2,6,950
U00082,Na0.5Cu0.5Ni0.5O2,6,950
U00083,Na0.5Fe0.5Mn0.5O2,6,950
U00084,Na0.5Fe0.5Ni0.5O2,6,950
U00085,Na0.5Mn0.5Ni0.5O2,6,950
U00086,Na0.5Cu1/3Fe1/3Mn1/3O2,6,950
U00087,Na0.5Cu1/3Fe1/3Ni1/3O2,6,950
U00088,Na0.5Cu1/3Mn1/3Ni1/3O2,6,950
U00089,Na0.5Fe1/3Mn1/3Ni1/3O2,6,950
U00090,Na0.5Cu0.25Fe0.25Mn0.25Ni0.25O2,6,950
U00091,NaCuO2,3,950
U00092,NaFeO2,3,950
U00093,NaMnO2,3,950
U00094,NaNiO2,3,950
U00095,NaCu0.5Fe0.5O2,3,950
U00096,NaCu0.5Mn0.5O2,3,950
U00097,NaCu0.5Ni0.5O2,3,950
U00098,NaFe0.5Mn0.5O2,3,950
U00099,NaFe0.5Ni0.5O2,3,950
U00100,NaMn0.5Ni0.5O2,3,950
U00101,NaCu1/3Fe1/3Mn1/3O2,3,950
U00102,NaCu1/3Fe1/3Ni1/3O2,3,950
U00103,NaCu1/3Mn1/3Ni1/3O2,3,950
U00104,NaFe1/3Mn1/3Ni1/3O2,3,950
U00105,NaCu0.25Fe0.25Mn0.25Ni0.25O2,3,950
U00106,Na0.75CuO2,3,950
U00107,Na0.75FeO2,3,950
U00108,Na0.75MnO2,3,950
U00109,Na0.75NiO2,3,950
U00110,Na0.75Cu0.5Fe0.5O2,3,950
U00111,Na0.75Cu0.5Mn0.5O2,3,950
U00112,Na0.75Cu0.5Ni0.5O2,3,950
U00113,Na0.75Fe0.5Mn0.5O2,3,950
U00114,Na0.75Fe0.5Ni0.5O2,3,950
U00115,Na0.75Mn0.5Ni0.5O2,3,950
U00116,Na0.75Cu1/3Fe1/3Mn1/3O2,3,950
U00117,Na0.75Cu1/3Fe1/3Ni1/3O2,3,950
U00118,Na0.75Cu1/3Mn1/3Ni1/3O2,3,950
U00119,Na0.75Fe1/3Mn1/3Ni1/3O2,3,950
U00120,Na0.75Cu0.25Fe0.25Mn0.25Ni0.25O2,3,950
U00121,Na0.5CuO2,3,950
U00122,Na0.5FeO2,3,950
U00123,Na0.5MnO2,3,950
U00124,Na0.5NiO2,3,950
U00125,Na0.5Cu0.5Fe0.5O2,3,950
U00126,Na0.5Cu0.5Mn0.5O2,3,950
U00127,Na0.5Cu0.5Ni0.5O2,3,950
U00128,Na0.5Fe0.5Mn0.5O2,3,950
U00129,Na0.5Fe0.5Ni0.5O2,3,950
U00130,Na0.5Mn0.5Ni0.5O2,3,950
U00131,Na0.5Cu1/3Fe1/3Mn1/3O2,3,950
U00132,Na0.5Cu1/3Fe1/3Ni1/3O2,3,950
U00133,Na0.5Cu1/3Mn1/3Ni1/3O2,3,950
U00134,Na0.5Fe1/3Mn1/3Ni1/3O2,3,950
U00135,Na0.5Cu0.25Fe0.25Mn0.25Ni0.25O2,3,950
U00136,NaMn2/3Cu1/6Fe1/6O2,12,950
U00137,NaNi2/3Fe1/6Cu1/6O2,12,950
U00138,NaMn2/3Ni1/6Cu1/6O2,12,950
U00139,NaMn2/3Fe1/6Ni1/6O2,12,950
U00140,NaFe2/3Cu1/6Mn1/6O2,12,950
U00141,NaFe2/3Cu1/6Ni1/6O2,12,950
U00142,NaNi2/3Cu1/6Mn1/6O2,12,950
U00143,NaFe2/3Ni1/6Mn1/6O2,12,950
U00144,NaCu2/3Fe1/6Mn1/6O2,12,950
U00145,NaCu2/3Ni1/6Fe1/6O2,12,950
U00146,NaCu2/3Ni1/6Mn1/6O2,12,950
U00147,NaNi2/3Fe1/6Mn1/6O2,12,950
U00148,NaCu2/3Ni1/9Mn1/9Fe1/9O2,12,950
U00149,NaFe2/3Cu1/9Mn1/9Ni1/9O2,12,950
U00150,NaNi2/3Fe1/9Cu1/9Mn1/9O2,12,950
U00151,NaMn2/3Cu1/9Fe1/9Ni1/9O2,12,950
U00152,NaMn1/9Cu8/27Fe8/27Ni8/27O2,12,950
U00153,NaNi1/9Cu8/27Fe8/27Mn8/27O2,12,950
U00154,NaFe1/9Mn8/27Cu8/27Ni8/27O2,12,950
U00155,NaCu1/9Mn8/27Fe8/27Ni8/27O2,12,950
U00156,NaFe7/18Ni7/18Cu1/9Mn1/9O2,12,950
U00157,NaCu7/18Ni7/18Fe1/9Mn1/9O2,12,950
U00158,NaFe7/18Mn7/18Cu1/9Ni1/9O2,12,950
U00159,NaCu7/18Fe7/18Mn1/9Ni1/9O2,12,950
U00160,NaMn7/18Ni7/18Fe1/9Cu1/9O2,12,950
U00161,NaCu7/18Mn7/18Fe1/9Ni1/9O2,12,950
U00162,Na0.75Mn2/3Cu1/6Fe1/6O2,12,950
U00163,Na0.75Ni2/3Fe1/6Cu1/6O2,12,950
U00164,Na0.75Mn2/3Ni1/6Cu1/6O2,12,950
U00165,Na0.75Mn2/3Fe1/6Ni1/6O2,12,950
U00166,Na0.75Fe2/3Cu1/6Mn1/6O2,12,950
U00167,Na0.75Fe2/3Cu1/6Ni1/6O2,12,950
U00168,Na0.75Ni2/3Cu1/6Mn1/6O2,12,950
U00169,Na0.75Fe2/3Ni1/6Mn1/6O2,12,950
U00170,Na0.75Cu2/3Fe1/6Mn1/6O2,12,950
U00171,Na0.75Cu2/3Ni1/6Fe1/6O2,12,950
U00172,Na0.75Cu2/3Ni1/6Mn1/6O2,12,950
U00173,Na0.75Ni2/3Fe1/6Mn1/6O2,12,950
U00174,Na0.75Cu2/3Ni1/9Mn1/9Fe1/9O2,12,950
U00175,Na0.75Fe2/3Cu1/9Mn1/9Ni1/9O2,12,950
U00176,Na0.75Ni2/3Fe1/9Cu1/9Mn1/9O2,12,950
U00177,Na0.75Mn2/3Cu1/9Fe1/9Ni1/9O2,12,950
U00178,Na0.75Mn1/9Cu8/27Fe8/27Ni8/27O2,12,950
U00179,Na0.75Ni1/9Cu8/27Fe8/27Mn8/27O2,12,950
U00180,Na0.75Fe1/9Mn8/27Cu8/27Ni8/27O2,12,950
U00181,Na0.75Cu1/9Mn8/27Fe8/27Ni8/27O2,12,950
U00182,Na0.75Fe7/18Ni7/18Cu1/9Mn1/9O2,12,950
U00183,Na0.75Cu7/18Ni7/18Fe1/9Mn1/9O2,12,950
U00184,Na0.75Fe7/18Mn7/18Cu1/9Ni1/9O2,12,950
U00185,Na0.75Cu7/18Fe7/18Mn1/9Ni1/9O2,12,950
U00186,Na0.75Mn7/18Ni7/18Fe1/9Cu1/9O2,12,950
U00187,Na0.75Cu7/18Mn7/18Fe1/9Ni1/9O2,12,950
U00188,Na0.5Mn2/3Cu1/6Fe1/6O2,12,950
U00189,Na0.5Ni2/3Fe1/6Cu1/6O2,12,950
U00190,Na0.5Mn2/3Ni1/6Cu1/6O2,12,950
U00191,Na0.5Mn2/3Fe1/6Ni1/6O2,12,950
U00192,Na0.5Fe2/3Cu1/6Mn1/6O2,12,950
U00193,Na0.5Fe2/3Cu1/6Ni1/6O2,12,950
U00194,Na0.5Ni2/3Cu1/6Mn1/6O2,12,950
U00195,Na0.5Fe2/3Ni1/6Mn1/6O2,12,950
U00196,Na0.5Cu2/3Fe1/6Mn1/6O2,12,950
U00197,Na0.5Cu2/3Ni1/6Fe1/6O2,12,950
U00198,Na0.5Cu2/3Ni1/6Mn1/6O2,12,950
U00199,Na0.5Ni2/3Fe1/6Mn1/6O2,12,950
U00200,Na0.5Cu2/3Ni1/9Mn1/9Fe1/9O2,12,950
U00201,Na0.5Fe2/3Cu1/9Mn1/9Ni1/9O2,12,950
U00202,Na0.5Ni2/3Fe1/9Cu1/9Mn1/9O2,12,950
U00203,Na0.5Mn2/3Cu1/9Fe1/9Ni1/9O2,12,950
U00204,Na0.5Mn1/9Cu8/27Fe8/27Ni8/27O2,12,950
U00205,Na0.5Ni1/9Cu8/27Fe8/27Mn8/27O2,12,950
U00206,Na0.5Fe1/9Mn8/27Cu8/27Ni8/27O2,12,950
U00207,Na0.5Cu1/9Mn8/27Fe8/27Ni8/27O2,12,950
U00208,Na0.5Fe7/18Ni7/18Cu1/9Mn1/9O2,12,950
U00209,Na0.5Cu7/18Ni7/18Fe1/9Mn1/9O2,12,950
U00210,Na0.5Fe7/18Mn7/18Cu1/9Ni1/9O2,12,950
U00211,Na0.5Cu7/18Fe7/18Mn1/9Ni1/9O2,12,950
U00212,Na0.5Mn7/18Ni7/18Fe1/9Cu1/9O2,12,950
U00213,Na0.5Cu7/18Mn7/18Fe1/9Ni1/9O2,12,950
U00214,NaMn2/3Cu1/6Fe1/6O2,6,950
U00215,NaNi2/3Fe1/6Cu1/6O2,6,950
U00216,NaMn2/3Ni1/6Cu1/6O2,6,950
U00217,NaMn2/3Fe1/6Ni1/6O2,6,950
U00218,NaFe2/3Cu1/6Mn1/6O2,6,950
U00219,NaFe2/3Cu1/6Ni1/6O2,6,950
U00220,NaNi2/3Cu1/6Mn1/6O2,6,950
U00221,NaFe2/3Ni1/6Mn1/6O2,6,950
U00222,NaCu2/3Fe1/6Mn1/6O2,6,950
U00223,NaCu2/3Ni1/6Fe1/6O2,6,950
U00224,NaCu2/3Ni1/6Mn1/6O2,6,950
U00225,NaNi2/3Fe1/6Mn1/6O2,6,950
U00226,NaCu2/3Ni1/9Mn1/9Fe1/9O2,6,950
U00227,NaFe2/3Cu1/9Mn1/9Ni1/9O2,6,950
U00228,NaNi2/3Fe1/9Cu1/9Mn1/9O2,6,950
U00229,NaMn2/3Cu1/9Fe1/9Ni1/9O2,6,950
U00230,NaMn1/9Cu8/27Fe8/27Ni8/27O2,6,950
U00231,NaNi1/9Cu8/27Fe8/27Mn8/27O2,6,950
U00232,NaFe1/9Mn8/27Cu8/27Ni8/27O2,6,950
U00233,NaCu1/9Mn8/27Fe8/27Ni8/27O2,6,950
U00234,NaFe7/18Ni7/18Cu1/9Mn1/9O2,6,950
U00235,NaCu7/18Ni7/18Fe1/9Mn1/9O2,6,950
U00236,NaFe7/18Mn7/18Cu1/9Ni1/9O2,6,950
U00237,NaCu7/18Fe7/18Mn1/9Ni1/9O2,6,950
U00238,NaMn7/18Ni7/18Fe1/9Cu1/9O2,6,950
U00239,NaCu7/18Mn7/18Fe1/9Ni1/9O2,6,950
U00240,Na0.75Mn2/3Cu1/6Fe1/6O2,6,950
U00241,Na0.75Ni2/3Fe1/6Cu1/6O2,6,950
U00242,Na0.75Mn2/3Ni1/6Cu1/6O2,6,950
U00243,Na0.75Mn2/3Fe1/6Ni1/6O2,6,950
U00244,Na0.75Fe2/3Cu1/6Mn1/6O2,6,950
U00245,Na0.75Fe2/3Cu1/6Ni1/6O2,6,950
U00246,Na0.75Ni2/3Cu1/6Mn1/6O2,6,950
U00247,Na0.75Fe2/3Ni1/6Mn1/6O2,6,950
U00248,Na0.75Cu2/3Fe1/6Mn1/6O2,6,950
U00249,Na0.75Cu2/3Ni1/6Fe1/6O2,6,950
U00250,Na0.75Cu2/3Ni1/6Mn1/6O2,6,950
U00251,Na0.75Ni2/3Fe1/6Mn1/6O2,6,950
U00252,Na0.75Cu2/3Ni1/9Mn1/9Fe1/9O2,6,950
U00253,Na0.75Fe2/3Cu1/9Mn1/9Ni1/9O2,6,950
U00254,Na0.75Ni2/3Fe1/9Cu1/9Mn1/9O2,6,950
U00255,Na0.75Mn2/3Cu1/9Fe1/9Ni1/9O2,6,950
U00256,Na0.75Mn1/9Cu8/27Fe8/27Ni8/27O2,6,950
U00257,Na0.75Ni1/9Cu8/27Fe8/27Mn8/27O2,6,950
U00258,Na0.75Fe1/9Mn8/27Cu8/27Ni8/27O2,6,950
U00259,Na0.75Cu1/9Mn8/27Fe8/27Ni8/27O2,6,950
U00260,Na0.75Fe7/18Ni7/18Cu1/9Mn1/9O2,6,950
U00261,Na0.75Cu7/18Ni7/18Fe1/9Mn1/9O2,6,950
U00262,Na0.75Fe7/18Mn7/18Cu1/9Ni1/9O2,6,950
U00263,Na0.75Cu7/18Fe7/18Mn1/9Ni1/9O2,6,950
U00264,Na0.75Mn7/18Ni7/18Fe1/9Cu1/9O2,6,950
U00265,Na0.75Cu7/18Mn7/18Fe1/9Ni1/9O2,6,950
U00266,Na0.5Mn2/3Cu1/6Fe1/6O2,6,950
U00267,Na0.5Ni2/3Fe1/6Cu1/6O2,6,950
U00268,Na0.5Mn2/3Ni1/6Cu1/6O2,6,950
U00269,Na0.5Mn2/3Fe1/6Ni1/6O2,6,950
U00270,Na0.5Fe2/3Cu1/6Mn1/6O2,6,950
U00271,Na0.5Fe2/3Cu1/6Ni1/6O2,6,950
U00272,Na0.5Ni2/3Cu1/6Mn1/6O2,6,950
U00273,Na0.5Fe2/3Ni1/6Mn1/6O2,6,950
U00274,Na0.5Cu2/3Fe1/6Mn1/6O2,6,950
U00275,Na0.5Cu2/3Ni1/6Fe1/6O2,6,950
U00276,Na0.5Cu2/3Ni1/6Mn1/6O2,6,950
U00277,Na0.5Ni2/3Fe1/6Mn1/6O2,6,950
U00278,Na0.5Cu2/3Ni1/9Mn1/9Fe1/9O2,6,950
U00279,Na0.5Fe2/3Cu1/9Mn1/9Ni1/9O2,6,950
U00280,Na0.5Ni2/3Fe1/9Cu1/9Mn1/9O2,6,950
U00281,Na0.5Mn2/3Cu1/9Fe1/9Ni1/9O2,6,950
U00282,Na0.5Mn1/9Cu8/27Fe8/27Ni8/27O2,6,950
U00283,Na0.5Ni1/9Cu8/27Fe8/27Mn8/27O2,6,950
U00284,Na0.5Fe1/9Mn8/27Cu8/27Ni8/27O2,6,950
U00285,Na0.5Cu1/9Mn8/27Fe8/27Ni8/27O2,6,950
U00286,Na0.5Fe7/18Ni7/18Cu1/9Mn1/9O2,6,950
U00287,Na0.5Cu7/18Ni7/18Fe1/9Mn1/9O2,6,950
U00288,Na0.5Fe7/18Mn7/18Cu1/9Ni1/9O2,6,950
U00289,Na0.5Cu7/18Fe7/18Mn1/9Ni1/9O2,6,950
U00290,Na0.5Mn7/18Ni7/18Fe1/9Cu1/9O2,6,950
U00291,Na0.5Cu7/18Mn7/18Fe1/9Ni1/9O2,6,950
U00292,NaMn2/3Cu1/6Fe1/6O2,3,950
U00293,NaNi2/3Fe1/6Cu1/6O2,3,950
U00294,NaMn2/3Ni1/6Cu1/6O2,3,950
U00295,NaMn2/3Fe1/6Ni1/6O2,3,950
U00296,NaFe2/3Cu1/6Mn1/6O2,3,950
U00297,NaFe2/3Cu1/6Ni1/6O2,3,950
U00298,NaNi2/3Cu1/6Mn1/6O2,3,950
U00299,NaFe2/3Ni1/6Mn1/6O2,3,950
U00300,NaCu2/3Fe1/6Mn1/6O2,3,950
U00301,NaCu2/3Ni1/6Fe1/6O2,3,950
U00302,NaCu2/3Ni1/6Mn1/6O2,3,950
U00303,NaNi2/3Fe1/6Mn1/6O2,3,950
U00304,NaCu2/3Ni1/9Mn1/9Fe1/9O2,3,950
U00305,NaFe2/3Cu1/9Mn1/9Ni1/9O2,3,950
U00306,NaNi2/3Fe1/9Cu1/9Mn1/9O2,3,950
U00307,NaMn2/3Cu1/9Fe1/9Ni1/9O2,3,950
U00308,NaMn1/9Cu8/27Fe8/27Ni8/27O2,3,950
U00309,NaNi1/9Cu8/27Fe8/27Mn8/27O2,3,950
U00310,NaFe1/9Mn8/27Cu8/27Ni8/27O2,3,950
U00311,NaCu1/9Mn8/27Fe8/27Ni8/27O2,3,950
U00312,NaFe7/18Ni7/18Cu1/9Mn1/9O2,3,950
U00313,NaCu7/18Ni7/18Fe1/9Mn1/9O2,3,950
U00314,NaFe7/18Mn7/18Cu1/9Ni1/9O2,3,950
U00315,NaCu7/18Fe7/18Mn1/9Ni1/9O2,3,950
U00316,NaMn7/18Ni7/18Fe1/9Cu1/9O2,3,950
U00317,NaCu7/18Mn7/18Fe1/9Ni1/9O2,3,950
U00318,Na0.75Mn2/3Cu1/6Fe1/6O2,3,950
U00319,Na0.75Ni2/3Fe1/6Cu1/6O2,3,950
U00320,Na0.75Mn2/3Ni1/6Cu1/6O2,3,950
U00321,Na0.75Mn2/3Fe1/6Ni1/6O2,3,950
U00322,Na0.75Fe2/3Cu1/6Mn1/6O2,3,950
U00323,Na0.75Fe2/3Cu1/6Ni1/6O2,3,950
U00324,Na0.75Ni2/3Cu1/6Mn1/6O2,3,950
U00325,Na0.75Fe2/3Ni1/6Mn1/6O2,3,950
U00326,Na0.75Cu2/3Fe1/6Mn1/6O2,3,950
U00327,Na0.75Cu2/3Ni1/6Fe1/6O2,3,950
U00328,Na0.75Cu2/3Ni1/6Mn1/6O2,3,950
U00329,Na0.75Ni2/3Fe1/6Mn1/6O2,3,950
U00330,Na0.75Cu2/3Ni1/9Mn1/9Fe1/9O2,3,950
U00331,Na0.75Fe2/3Cu1/9Mn1/9Ni1/9O2,3,950
U00332,Na0.75Ni2/3Fe1/9Cu1/9Mn1/9O2,3,950
U00333,Na0.75Mn2/3Cu1/9Fe1/9Ni1/9O2,3,950
U00334,Na0.75Mn1/9Cu8/27Fe8/27Ni8/27O2,3,950
U00335,Na0.75Ni1/9Cu8/27Fe8/27Mn8/27O2,3,950
U00336,Na0.75Fe1/9Mn8/27Cu8/27Ni8/27O2,3,950
U00337,Na0.75Cu1/9Mn8/27Fe8/27Ni8/27O2,3,950
U00338,Na0.75Fe7/18Ni7/18Cu1/9Mn1/9O2,3,950
U00339,Na0.75Cu7/18Ni7/18Fe1/9Mn1/9O2,3,950
U00340,Na0.75Fe7/18Mn7/18Cu1/9Ni1/9O2,3,950
U00341,Na0.75Cu7/18Fe7/18Mn1/9Ni1/9O2,3,950
U00342,Na0.75Mn7/18Ni7/18Fe1/9Cu1/9O2,3,950
U00343,Na0.75Cu7/18Mn7/18Fe1/9Ni1/9O2,3,950
U00344,Na0.5Mn2/3Cu1/6Fe1/6O2,3,950
U00345,Na0.5Ni2/3Fe1/6Cu1/6O2,3,950
U00346,Na0.5Mn2/3Ni1/6Cu1/6O2,3,950
U00347,Na0.5Mn2/3Fe1/6Ni1/6O2,3,950
U00348,Na0.5Fe2/3Cu1/6Mn1/6O2,3,950
U00349,Na0.5Fe2/3Cu1/6Ni1/6O2,3,950
U00350,Na0.5Ni2/3Cu1/6Mn1/6O2,3,950
U00351,Na0.5Fe2/3Ni1/6Mn1/6O2,3,950
U00352,Na0.5Cu2/3Fe1/6Mn1/6O2,3,950
U00353,Na0.5Cu2/3Ni1/6Fe1/6O2,3,950
U00354,Na0.5Cu2/3Ni1/6Mn1/6O2,3,950
U00355,Na0.5Ni2/3Fe1/6Mn1/6O2,3,950
U00356,Na0.5Cu2/3Ni1/9Mn1/9Fe1/9O2,3,950
U00357,Na0.5Fe2/3Cu1/9Mn1/9Ni1/9O2,3,950
U00358,Na0.5Ni2/3Fe1/9Cu1/9Mn1/9O2,3,950
U00359,Na0.5Mn2/3Cu1/9Fe1/9Ni1/9O2,3,950
U00360,Na0.5Mn1/9Cu8/27Fe8/27Ni8/27O2,3,950
U00361,Na0.5Ni1/9Cu8/27Fe8/27Mn8/27O2,3,950
U00362,Na0.5Fe1/9Mn8/27Cu8/27Ni8/27O2,3,950
U00363,Na0.5Cu1/9Mn8/27Fe8/27Ni8/27O2,3,950
U00364,Na0.5Fe7/18Ni7/18Cu1/9Mn1/9O2,3,950
U00365,Na0.5Cu7/18Ni7/18Fe1/9Mn1/9O2,3,950
U00366,Na0.5Fe7/18Mn7/18Cu1/9Ni1/9O2,3,950
U00367,Na0.5Cu7/18Fe7/18Mn1/9Ni1/9O2,3,950
U00368,Na0.5Mn7/18Ni7/18Fe1/9Cu1/9O2,3,950
U00369,Na0.5Cu7/18Mn7/18Fe1/9Ni1/9O2,3,950